"confidence","lat","lon","area_m2","perimeter"
0.990454164571812,37.1168713868672,-122.331102699084,0.288957912465772,2.21508404809589
0.985534659960639,37.1168944081251,-122.331040882684,0.260671373291255,2.21865001668415
0.973543900318748,37.1168983283692,-122.331124884011,0.212149068829174,2.13203749194233
0.947162022703818,37.116903366417,-122.331117622922,0.219111915628362,2.33893436336008
0.975384421079221,37.1169178183558,-122.331054946003,0.314198219125823,3.04652800514675
0.984780578898226,37.1169209025736,-122.331093576525,0.260671369700496,2.18315347479722
0.990261128147942,37.1169241479253,-122.331140277831,0.212149072636546,1.97361971925057
0.990390766235572,37.1169368051745,-122.331078351954,0.463899311884284,2.92157677028193
0.988937303316388,37.1169394006435,-122.331112293781,0.248486403896905,2.18866142605681
0.984558823529412,37.1169497101546,-122.331044716152,0.250009518430618,2.04457412257272
0.990762659072706,37.116964248104,-122.331099092097,0.328341494385671,2.54440438703817
0.975231501187064,37.1178899681314,-122.334151222385,0.977191635737015,4.81718474648617
0.992491630798661,37.1179414185773,-122.33382192596,0.391442396361038,2.63071222534386
0.978170211001948,37.1180148787604,-122.335465151719,0.233472873657705,2.14748555879863
0.990401099260616,37.1180238380419,-122.335316878025,0.436918482084055,2.83734199920731
0.579738562091503,37.118041240079,-122.335189945446,0.000870355686353241,0.194017614992029
0.89587951122478,37.1180399875989,-122.335187279892,0.133164399885652,2.55769805196884
0.989085247833039,37.1180395656892,-122.335192931573,0.235648763167029,2.07657545942945
0.983589000281838,37.1180397894209,-122.335366473134,0.239130188552232,2.18313839003564
0.98895113600996,37.1180658407975,-122.335237560449,0.238912599534136,1.9673811227103
0.989849661991726,37.1180750324321,-122.33516001478,0.285694213966439,2.25558459354626
0.986702402783656,37.1180821668977,-122.335015514306,0.216936123324316,2.18729163415414
0.987649859943978,37.1198598645577,-122.337384528629,0.333999175014864,2.46833382717815
0.989346405228758,37.1198617356161,-122.33742159025,0.38839643608303,3.10607995351376
0.988535989475663,37.1199041020929,-122.337411896176,0.308323671792633,2.48141173806467
0.987195017623105,37.1199478691048,-122.337532079929,0.272421488515003,2.18857674252487
0.98926846798284,37.1199636659006,-122.337470113413,0.420599630853985,2.89781426759411
0.990499768931142,37.1202420693669,-122.337719884414,0.288305513385227,2.23069682489622
0.991036414565826,37.1202514656321,-122.337757698305,0.286564809730912,2.29145209716889
0.99285391906123,37.1202733448491,-122.337788746566,0.376211514337425,2.53865097655235
0.98798431372549,37.1202821672006,-122.337794353791,0.471950701341684,3.01029473149827
0.991735165681993,37.12029817453,-122.337755740053,0.447580727432314,3.22319439945267
0.990410670706051,37.1203028839036,-122.337801640164,0.440182700730963,2.89640996745163
0.98672925529314,37.1203125746164,-122.337766293511,0.387961326662145,2.75286097996372
0.990199757201192,37.1203540891528,-122.337834307931,0.501325241917632,3.16581963780332
0.98912560750796,37.1203577694811,-122.337808611825,0.440835472137892,2.85851634187164
0.984944856991045,37.1203650240024,-122.337875714116,0.733492797007548,5.36404056738072
0.988581739444244,37.1203733500703,-122.337842579749,0.391442755689992,2.78818772177703
0.991339615161772,37.120385494141,-122.337868450303,0.310064443682283,2.37473643105429
0.986666666666667,37.1203955295273,-122.337896215475,0.159275209932961,1.79664221053232
0.942247880584595,37.1204027212716,-122.337848956325,0.191478398083619,1.9294335501699
0.990024464161829,37.1204074571367,-122.337869988736,0.262630026535091,2.18714618616892
0.988840508270347,37.1204066794149,-122.337933574828,0.340744507234392,2.55605104275661
0.985668297169614,37.1204127535425,-122.337961923644,0.228686129571602,2.02799306480047
0.990591718921071,37.120412632255,-122.337905923264,0.380128128091457,2.54420279908932
0.991636180632174,37.1204312749378,-122.337899805193,0.489357848990491,3.03468052561493
0.962927883017614,37.1204365219123,-122.337929213993,0.339003798247491,2.53374840432912
0.991104260401044,37.1204492325259,-122.337899127182,0.346184229685193,2.42832821830503
0.988985154785428,37.1204496970734,-122.337949015276,0.377299479363673,2.51046198501711
0.993225869974963,37.1204591629408,-122.337959620702,0.344878693336168,2.43611188655284
0.991943839264101,37.1204670302581,-122.337917171575,0.385785446737753,2.60788409688374
0.985750059059769,37.1204781954263,-122.337971441269,0.203010622930628,1.83018191244149
0.993338705345152,37.1204818872031,-122.337915380956,0.452150125432013,2.89757330129538
0.993827541509783,37.1204949799419,-122.337926606,0.459112979074316,3.09040479327774
0.98765172735761,37.1204966581281,-122.337873627333,0.171677794453238,1.78225148126672
0.994289645682835,37.1205023303143,-122.337909215133,0.283736179691436,2.22049025230932
0.990330681452909,37.120513893823,-122.337872086838,0.466946197910368,2.91992810117271
0.988919177427068,37.1205143698541,-122.337941388413,0.38600305250707,2.61648831902331
0.988230631134737,37.1205210406085,-122.337620803175,0.410373033013926,3.09787059043171
0.991355095584826,37.1205197126121,-122.337913963659,0.356193324982693,2.64946623304647
0.987637227592987,37.1205217134406,-122.337900469392,0.350100852119139,2.68376101331875
0.9875,37.120519430138,-122.33794825583,0.604680091412805,4.69205838427274
0.970002336406607,37.1205282363927,-122.337659833985,0.501107685330583,3.11618515064163
0.976853463278803,37.1205273280396,-122.337960523552,0.169719493635055,1.67844030265678
0.983580848512975,37.1205374585454,-122.337882343285,0.473691461696064,2.83051141071889
0.99361447686094,37.1205384282303,-122.337696476226,0.417771054141036,2.79070095289681
0.991558281604099,37.1205431595324,-122.337871287892,0.379257791987838,2.54434419839226
0.97071406102548,37.1205434675977,-122.337898826063,0.176899931892666,1.83193116689686
0.946062654947036,37.1205449841839,-122.337930957945,0.225204713496483,2.57279343472871
0.989870695753049,37.1205530570156,-122.337706330929,0.335739974925333,2.45459342262158
0.991176470588235,37.120553482295,-122.337778541797,0.320943916339483,2.46775266206793
0.983989501312336,37.12055199032,-122.337831281006,0.362721040625025,2.61777260122037
0.989807877753876,37.1205617758996,-122.337738389476,0.376864314115457,2.83493056087621
0.980798621272721,37.1205613078082,-122.337893255887,0.291569387663348,2.18707220211238
0.980144945909398,37.1205613929717,-122.337938438,0.427997750245566,2.78356173086495
0.982167689161554,37.1205714164293,-122.337837043677,0.377952256362167,2.70135300766874
0.986623647869323,37.1205719428644,-122.337925976961,0.307018216770459,2.3181685336454
0.992035191164771,37.120577057355,-122.337822801052,0.207579998514334,1.87348441139077
0.993305167370816,37.1205784215212,-122.337888541422,0.35989236532366,2.61038778765057
0.992523257478174,37.1205787298693,-122.3379366382,0.333564086487725,2.46882031561366
0.991917564036823,37.1205750960443,-122.337963000879,0.393401080869125,2.87692962471991
0.970307554493879,37.1205772773645,-122.337981515768,0.474779413724763,3.73306505120276
0.989652623798965,37.1205811848319,-122.337862212046,0.228686143867917,2.10410541497419
0.990033393269972,37.1205829447497,-122.337809701612,0.230426855425082,2.01871407392877
0.946955313045278,37.1205851538554,-122.337969319141,0.334652033850304,3.03826621027626
0.992528135514561,37.1205898543177,-122.337908745332,0.404715718720264,2.78946425936324
0.985711886467649,37.1205898869706,-122.337935234286,0.434960604751151,2.81922938397785
0.983057535129041,37.1205898762291,-122.337875520108,0.462594425264467,2.81325389302857
0.992577646713919,37.120594656953,-122.337836871062,0.542449615887135,3.13942635532434
0.992116846738695,37.1206014181212,-122.337888814038,0.338351026200165,2.4841118397842
0.988602508141066,37.1206051695743,-122.33783138483,0.284606542734112,2.31246739357298
0.987362132352941,37.1206029760286,-122.338033182124,0.256755140235159,2.19028141837146
0.992649812734082,37.1206063952739,-122.337791074164,0.353147097527828,2.66798316099067
0.992765126227036,37.120605478211,-122.337817394376,0.38861413893523,2.76922530819081
0.988170874099126,37.1206056291202,-122.337952533997,0.233690699764875,1.97143515051208
0.991756893992657,37.1206040957349,-122.33792270437,0.615777148877379,4.28394268097468
0.989831603229527,37.120609310841,-122.33797094576,0.209320707869867,1.85944293685144
0.992473757179639,37.1206134352403,-122.337897861029,0.287000027706064,2.32645072859269
0.991437777515816,37.1206159812286,-122.337852570033,0.476737720525999,3.02434722225416
0.986447723965911,37.1206195504574,-122.337879557497,0.393618684304761,2.83597961479985
0.979123297448403,37.1206235665465,-122.337953394373,0.466075855321764,2.94583640670579
0.97385294117647,37.1206214132954,-122.337980555565,0.300272950412237,2.49486040215554
0.991012592720373,37.1206262106948,-122.337918057716,0.656901497508232,4.35542705740855
0.99090014384132,37.1206282699898,-122.337821694019,0.373600489258588,2.52429219278688
0.991120045140358,37.1206311669337,-122.337853080096,0.276555748639809,2.28715636301819
0.983136599121254,37.120630850808,-122.337899952842,0.297661884745213,2.47295963948356
0.987026495185888,37.1206401943826,-122.337898194561,0.271551201494989,2.14491542957383
0.988954908562752,37.1206420810412,-122.337984838964,0.294833232053827,2.35042609390903
0.993301218988172,37.1206474594425,-122.337868362341,0.411678583932754,2.86686511727383
0.994122726810932,37.1206489206584,-122.337933597711,0.37468845054063,2.60778037580711
0.984386450728651,37.1206527057104,-122.337919847214,0.319855984077515,2.35486776774377
0.991148031731777,37.1206550740921,-122.338014579343,0.322467052564531,2.41177843020072
0.991387209089243,37.1206562411955,-122.337847888568,0.361197922008727,2.4615864669231
0.991396071080729,37.1206564741134,-122.337947677579,0.502195639609364,3.06891731897809
0.991995202336254,37.1206656934333,-122.33789486079,0.354017472496461,2.64375182803791
0.985819607843137,37.1206727344459,-122.338022301123,0.24217667618566,1.96853050794177
0.991113509624033,37.1206741739569,-122.33792549435,0.274815036597507,2.35828475244647
0.992439948378502,37.120677594273,-122.337888924079,0.448668737449601,2.89236457639463
0.993138429024304,37.1206830984995,-122.337906362777,0.402975026160515,2.77710084906871
0.992308469779664,37.1206881697356,-122.337927140402,0.375558799643953,2.5782144285621
0.90634592495145,37.1206974613989,-122.337950075981,0.148830947558,1.58531298262128
0.993174674449933,37.1206976926048,-122.337912560707,0.387743799602834,2.63978175728915
0.992344173441734,37.1207065846776,-122.337961707608,0.468686939668862,2.82971236637418
0.960766688697951,37.1207246581129,-122.337958338694,0.227163030526036,2.17141889152124
0.981034673756508,37.1207339837663,-122.337956518592,0.253273724834464,2.25935181240021
0.943495028343091,37.1162058752994,-122.330556906967,0.203445465285806,1.81155378340717
0.946137423450756,37.1163329719262,-122.330798019624,0.175594117911024,1.83785324645133
0.991851519233648,37.1163570321897,-122.330818043993,0.322684119541565,2.35360038019519
0.976317032837231,37.1166339546332,-122.330907971743,0.178422790055062,1.98735310684135
0.982747453335689,37.1166382717351,-122.330887085475,0.170372005240305,1.83875935863253
0.989782818957179,37.1166391216891,-122.330917048287,0.322901734134081,2.42247755455896
0.983673038335622,37.1166540400159,-122.330896507247,0.263717591461526,2.22803598961581
0.989638009049774,37.1166631704601,-122.330931560321,0.25806028618813,2.21494887871288
0.988389383258215,37.116674371802,-122.330832983022,0.246310491126878,2.14790480133166
0.993972541578301,37.1166840566018,-122.330947905556,0.268286961759878,2.21123734923036
0.992877005347593,37.1166887145597,-122.330892624909,0.273073910194299,2.21875514105176
0.98446697316201,37.1166908977195,-122.330913670776,0.244787369166834,2.20834395998674
0.992826766023108,37.1167146806526,-122.330915019914,0.260888938746537,2.17168116223731
0.985167210554208,37.1167296880469,-122.330932610578,0.330734940109523,2.55884403895908
0.992221226122336,37.1167320620521,-122.33097098997,0.407108603313272,2.77836584638589
0.98562399077278,37.1167385833646,-122.330956650094,0.206709338900926,1.90138054352407
0.986512265391178,37.1167407175486,-122.330887101256,0.341179201729584,2.75341624048757
0.988347338935574,37.116745194712,-122.330857935774,0.312675072699093,2.51700094336865
0.988519465757317,37.116756311708,-122.330890149506,0.205838985362519,1.968245511618
0.994167923579688,37.1167576957221,-122.330935128897,0.295267982848796,2.52748401639143
0.982025581316864,37.1167700315665,-122.330953304409,0.281777472800427,2.28214982007339
0.946591970121382,37.1167871898243,-122.330880033392,0.126419084850904,1.43318980557082
0.985104494472686,37.1167930849999,-122.330938087626,0.231514467938927,1.95801227658627
0.988601389923058,37.1167976648912,-122.330914908016,0.300490109005492,2.40327724478715
0.990556492411467,37.116821103783,-122.330806658491,0.287652378579946,2.36465752169976
0.977460498762612,37.1168268252835,-122.330915929496,0.203445515886388,1.81055207052499
0.982905006662859,37.1168256404806,-122.330883895205,0.294397627235448,2.48379763209596
0.990314702393413,37.1168333629609,-122.330936681411,0.27546740306114,2.39654452910372
0.984300943323875,37.116842641915,-122.330861784893,0.362502924570413,2.63658306909933
0.986912468336617,37.1168459895402,-122.330950325564,0.401451313925545,2.71881087815551
0.950776813457624,37.116858069096,-122.330904289578,0.209320415352667,3.2141054820351
0.987445760334084,37.1168583288695,-122.330952961469,0.296355930835364,2.47875685297057
0.990676412576865,37.1168626513338,-122.330974248286,0.406673446660907,2.69653202453261
0.991678820288446,37.1168653457825,-122.330990748001,0.240218020948538,2.0739112947554
0.978343837535014,37.116866637271,-122.330887229801,0.225204402800651,2.13080688993647
0.988100490196078,37.1168768485108,-122.331000433613,0.23347275607256,2.18495704170097
0.99178793468607,37.1168874832474,-122.33092291472,0.554633841941595,3.7562922805347
0.988291991495393,37.1168958729107,-122.33095117918,0.207579705635071,1.90361918056153
0.988227020766112,37.1168993758745,-122.330964191013,0.23282000602533,1.98832517890741
0.962486533074768,37.1169239806267,-122.33097999149,0.255014064023108,2.34173711580203
0.969856209150327,37.1169021338134,-122.331016094477,0.137298529060255,1.50668716463121
0.989693182972671,37.1130227184923,-122.328732781005,0.374252164773336,2.66153104152021
0.964232262953491,37.1130259047291,-122.32865526628,0.105095230231982,1.24342684242224
0.986473911598538,37.1130558914535,-122.328677218886,0.234995548146031,1.9643225571386
0.987705352411235,37.1130570343252,-122.328797567808,0.204097986632604,2.0558835812037
0.979828578137842,37.1130585881904,-122.328713443573,0.246310148214597,2.11459424606244
0.982684766214178,37.1130600445821,-122.328659098772,0.223898537358918,2.06759028465286
0.981868737715135,37.1130701995979,-122.328615946374,0.193653740457413,1.86041206236067
0.993073364177132,37.1130885036536,-122.328641708991,0.229555838269249,2.10777785370253
0.98885437795808,37.1130888295791,-122.328560193774,0.4412694250166,2.94059562276462
0.992759528053646,37.1130970126891,-122.328716443886,0.237824204839146,2.14636832759522
0.988274314701005,37.1130993239899,-122.328609928487,0.302230391081147,2.39692404827317
0.989213400978107,37.113110194089,-122.328737151694,0.211060820422064,1.922817336653
0.969331322272499,37.1131142641576,-122.328786406628,0.176899432626211,1.84419504437349
0.990838286534126,37.1131222711703,-122.328679123283,0.283300199514383,2.40364285838567
0.989302769818529,37.1131209694508,-122.328752748915,0.323989240287167,2.42479522088232
0.989921036287818,37.113128700079,-122.328808476375,0.318549530463962,2.374250817174
0.97538220471774,37.1131350055765,-122.328771733448,0.219329200035475,1.96767750727557
0.988938403644286,37.1131352296673,-122.328797329594,0.287434376128555,2.15170011457285
0.970387047327074,37.1131578244813,-122.328580839594,0.280471548855144,2.29706820258011
0.991097161756269,37.1131575556181,-122.328819615693,0.289827840542337,2.30773178175553
0.98919284025667,37.1131618203387,-122.328642031502,0.467162462544464,2.86269362644473
0.987871963486773,37.1131686424592,-122.328613250425,0.310281169315406,2.40293584431953
0.989476597090449,37.1131676559657,-122.328887013432,0.244351860384546,2.11436686239499
0.923271571625592,37.1131783983502,-122.328413112571,0.174723548408559,2.21107545757995
0.988571829208442,37.1131738502485,-122.328655367341,0.394270324717879,2.68583909007474
0.988761233660131,37.1131776689795,-122.328581225545,0.364678291257691,2.73247082970202
0.988422886238778,37.1131800662862,-122.328432435728,0.22302819268309,2.0110379623629
0.987216505401116,37.1131831498958,-122.328379164898,0.196699986490244,1.86034766392237
0.990808976143384,37.1131779470462,-122.328772610747,0.396011036599134,2.72280977938803
0.9179819252804,37.1131841432023,-122.328861992533,0.239782504870909,2.44980615490007
0.978879011411639,37.1131919092143,-122.328616288811,0.16471447667898,1.80653428680009
0.920782506551007,37.1131972246805,-122.328848295428,0.114233948357602,1.36924118942577
0.965271952259165,37.1131970828704,-122.328802657033,0.272420779729651,2.10085189729675
0.987676123873176,37.1131974450181,-122.328816115626,0.639492548151189,4.27371387695612
0.986673531557043,37.1132047327388,-122.328654176259,0.228032730294711,1.98024458066305
0.993787049703602,37.113206460301,-122.328592236379,0.336826972577876,2.53353308890196
0.988619468143491,37.1132048708154,-122.328692090173,0.377298427742156,2.69884933487115
0.97564740181787,37.1132135926671,-122.328368254193,0.331387260247569,2.28391303330674
0.980637658687857,37.113208093431,-122.328708436067,0.299401753549478,2.30548054359119
0.991586048408021,37.1132102698582,-122.328782249584,0.255231288713619,2.10027595061227
0.984226363812852,37.1132136112495,-122.32869539109,0.20279246710828,1.76747982737881
0.983870807206131,37.1132137747547,-122.328721650035,0.196264813615269,1.85288949739526
0.984116693679092,37.1132151369897,-122.32883623282,0.29657310372072,2.47189879161004
0.798252100840336,37.1132276559594,-122.328513518207,0.112493246369828,2.50989759999749
0.987858981976629,37.1132245158654,-122.328775840257,0.282212269109082,2.27310091770117
0.987561274509804,37.1132272205935,-122.328616071329,0.256754412002812,2.38490545553574
0.980303890044764,37.1132279311219,-122.328760855146,0.150571231849487,1.62571278437672
0.987329665679221,37.1132310328904,-122.328537435271,0.336174206000504,2.54076642952516
0.984104081884326,37.1132291842257,-122.328831237552,0.228903088157696,1.93768177537784
0.962426788897377,37.1132334701465,-122.328669259817,0.155358176986962,1.5632929461637
0.991945892280963,37.1132417867265,-122.328583686889,0.318549542924262,2.55404374461882
0.987921805222843,37.1132411169182,-122.32864206844,0.318984715231715,2.32281398991447
0.983446338036772,37.1132445505905,-122.328667211829,0.164279305431493,1.66329860203172
0.992708419514078,37.1132484981167,-122.328631627114,0.343354615358196,2.53559562782289
0.974302119601735,37.1132496199821,-122.328817238568,0.157751655714457,1.66114659160597
0.988560061705842,37.1132519059954,-122.328603113726,0.240870456819706,2.11414985216265
0.978252141807363,37.1132483450112,-122.328728154765,0.251532305381921,2.21901644292491
0.990400052638505,37.1132526251246,-122.328504939177,0.295920350730486,2.35514969167021
0.985907614579574,37.1132485979642,-122.328867899008,0.312892241874231,2.2927921728256
0.990525622013511,37.1132512268162,-122.328800648159,0.233690031753084,2.07739204169316
0.992767722473605,37.1132566514253,-122.328536032311,0.260888596734476,2.12672613918243
0.983566297806251,37.1132600546525,-122.328465721834,0.204315590198175,1.83058011113567
0.991269288780601,37.1132577776942,-122.328755407009,0.332257609723554,2.43925051811953
0.992064590542099,37.1132604764429,-122.328624453635,0.292221334141146,2.30767801829479
0.988097540959583,37.1132557696819,-122.328903294845,0.32050784984162,2.36471355721741
0.98983238456673,37.1132627748795,-122.32866595543,0.354451645707988,2.64160427398234
0.982408380018674,37.1132674431047,-122.328576929998,0.319419904541519,2.5220878843095
0.983564334824839,37.1132724338566,-122.328424895552,0.260018245120165,2.10238904652186
0.983342245989305,37.1132726947443,-122.328609617458,0.213454309516446,2.03139067167342
0.991970476403489,37.1132694024243,-122.328868594353,0.264152428024102,2.16092103565262
0.983026646556058,37.1132774195992,-122.328446060178,0.188431625558519,1.93398847469876
0.983437199169073,37.1132771443494,-122.328476489726,0.371641141275785,2.57070340220033
0.961761944214306,37.1132722035993,-122.328922143619,0.175811498263708,1.74154214308817
0.98345009914078,37.1132750990705,-122.328833610419,0.218023665662967,2.0746189672949
0.99161189615511,37.1132776464943,-122.328681510637,0.353581293831172,2.68406800436354
0.986110391293081,37.1132762955063,-122.328764411278,0.332040035527323,2.66247386012101
0.984780959226868,37.1132798320066,-122.328496920218,0.476301206139634,3.74550509030092
0.987679542875034,37.1132819284387,-122.328799428541,0.245439816275046,2.13935831428653
0.993281228575346,37.1132818243398,-122.328879951908,0.350970234533439,2.56199219123223
0.991692938613354,37.1132927168024,-122.328412150811,0.367506959389229,2.63279292967059
0.992561721044693,37.1132853910537,-122.32884367806,0.248486054135914,2.12386303904124
0.992693947144075,37.113286685754,-122.328791900406,0.235213158289349,2.07330399390043
0.992843334516905,37.113291896794,-122.32860103048,0.253708170685321,2.15549792353692
0.989288748428314,37.113298579287,-122.32843892613,0.282647449532964,2.5195432583998
0.988313441318556,37.1132969875372,-122.328568132546,0.268939373295613,2.27660223555487
0.983636255110872,37.1133017706597,-122.328405664173,0.30331835524252,2.33688844754764
0.988015866317833,37.1132988283392,-122.328712147425,0.335739030698971,2.52101889206783
0.985991128947091,37.1132964494637,-122.328662628278,0.535485275247418,3.65323777418386
0.987957030997217,37.1132990320436,-122.328902625519,0.292874105473593,2.35736594358488
0.982180615714219,37.1133079409579,-122.328319708506,0.408848775375983,3.09283580558257
0.983927850316328,37.113303323846,-122.328798702794,0.208667363722286,2.02122682020266
0.983504730563554,37.1133106712488,-122.328506381822,0.277642916332638,2.3514746872809
0.984346806207145,37.1133087613799,-122.328874664298,0.309628423029871,2.42706629967434
0.987419203408804,37.1133147479921,-122.328613126154,0.27155043747061,2.18926783452923
0.991455619386682,37.1133170874883,-122.328545348387,0.353146123086215,2.69431517482564
0.980003614348965,37.1133231620797,-122.328300991214,0.202574887258499,1.87360895742116
0.988615177814792,37.1133137561305,-122.328904269331,0.320290262819699,2.40173701794102
0.989883419375167,37.1133196873468,-122.328693542111,0.396228647743549,2.75296124436202
0.982559956253418,37.113327565987,-122.328327682492,0.245004642381229,2.18160210231717
0.98956669087388,37.1133251395986,-122.32839221573,0.240435281934683,2.20918090675018
0.989380308273042,37.1133250141823,-122.328528651505,0.442575000067051,2.8721277706649
0.985034215028293,37.1133249868971,-122.328821430751,0.290480640446045,2.40607107980383
0.990424732193197,37.1133290075024,-122.328427128813,0.306582185455496,2.44682174334619
0.983716691804927,37.1133304484348,-122.328560119176,0.289827873512262,2.34796706671229
0.983457545914293,37.1133344159657,-122.328315382719,0.20932013483139,1.85710393586833
0.928484400049328,37.1133379493654,-122.328355809371,0.399710059668924,3.43852694571763
0.988536141239807,37.1133348650961,-122.328625455185,0.352928539752437,2.62738498547808
0.990653936967457,37.1133328525448,-122.328863022599,0.461722782656217,3.05115952380751
0.991280108641269,37.1133313857125,-122.328904978204,0.386654747403194,2.68048660282766
0.977840322731964,37.1133360963826,-122.328835388269,0.304188717406847,2.41816248370231
0.990542547115934,37.1133427868518,-122.328473886846,0.253490590330908,2.12464754182032
0.979683769715471,37.1133379267277,-122.328783380121,0.238259398731974,2.16692779193904
0.988691773005499,37.1133436418154,-122.328545824407,0.366854202539816,2.38162978609284
0.989086886686669,37.1133492824403,-122.328450209086,0.31419778593141,2.60581549583713
0.98874549819928,37.1133505659406,-122.328388484991,0.288304756836825,2.34732144472627
0.988008578431373,37.1133505535423,-122.328570085943,0.302230418315776,2.43388393566799
0.994007490636704,37.1133536595819,-122.328513853463,0.222157845143578,1.97027239346212
0.99101738808731,37.1133577501824,-122.328818264046,0.264370025150962,2.31768157653713
0.992678496576778,37.1133640002456,-122.328417706222,0.403844253092658,2.70682546890366
0.988002086593636,37.1133626805978,-122.328486556129,0.304623896211328,2.34946789904492
0.991717060656038,37.1133668895591,-122.328478159498,0.36141450217978,2.59446751450448
0.987721902641183,37.1133618534102,-122.32886907953,0.308758076212569,2.35891432309807
0.989782107533279,37.1133688359015,-122.328397890412,0.38643717290974,2.88896609940021
0.985288175876411,37.1133693745143,-122.328567867958,0.166890377401463,1.71932437575309
0.975326516148628,37.113364046357,-122.328903633347,0.277642922916297,2.36948437979525
0.98852183879815,37.1133771449435,-122.328277033602,0.24304635386466,2.19338552709504
0.984702525803474,37.11338033981,-122.328376452008,0.332257634654881,2.54132693906091
0.989088811995386,37.1133857963242,-122.328266248394,0.174941151522118,1.78175484822736
0.976436529946967,37.1133848985532,-122.328297221663,0.196264824998848,1.88336932643083
0.986002296797244,37.1133774723457,-122.328903793537,0.224768916223936,1.97996317179013
0.989622749684669,37.1133854314658,-122.328427399871,0.324859628189016,2.475527126257
0.98985829625968,37.1133857034509,-122.328442341136,0.241305648304219,2.20599211699328
0.992903828197946,37.1133815363649,-122.328801440722,0.324859628770031,2.39602900040116
0.99080643930724,37.113379348755,-122.328934892325,0.260671014910246,2.1934464615345
0.980969134065109,37.1133815351174,-122.32886741539,0.386872347187547,2.59920239765645
0.985594417947359,37.1133919726419,-122.328509568175,0.313762616782442,2.33206519624993
0.983810960281549,37.11338467014,-122.328825087563,0.422339271954038,2.87265781979725
0.988667872212176,37.1133968966586,-122.328375786759,0.270244914477325,2.2252664215721
0.993284391165629,37.1133965827085,-122.328337339071,0.311586731551323,2.29758489943885
0.985254765082298,37.1133959557305,-122.328404892883,0.275467040128133,2.33065832185829
0.854987678131362,37.1133964466683,-122.328926902376,0.109447012944407,1.99902096525867
0.975370636059302,37.1133976228925,-122.328900631879,0.125766147383625,1.45154935640516
0.988705882352941,37.1134045665964,-122.32849378372,0.249791595172575,2.14406801025923
0.989849462365591,37.1134061742057,-122.328441351827,0.36968285967992,2.62890069991081
0.936993464052288,37.11340216627,-122.328864771417,0.114016375716988,1.39602196039561
0.986248366013072,37.1134102281156,-122.328366628965,0.328558636021115,2.4448976336502
0.991721568627451,37.1134078524307,-122.328478663442,0.47695399824204,2.91573716357857
0.991509947044511,37.1134199569492,-122.328247902412,0.327905871896265,2.36623149968477
0.97019907199521,37.1134243082713,-122.328310143895,0.197352770526245,2.08322788219109
0.992356165186553,37.1134229501323,-122.328611131999,0.32725310652468,2.55019192518825
0.969627851140456,37.1134355419769,-122.327960297913,0.103136949604727,1.29921466459495
0.984564523483812,37.1134186989646,-122.328908137428,0.248921244710901,2.21846419335121
0.973780071786657,37.1134317457355,-122.328390140602,0.308758082892336,2.35909842927896
0.983878874130297,37.1134309446326,-122.328427207142,0.348359200470745,2.55442480068713
0.988122312121875,37.1134341570685,-122.328305732431,0.501541486596679,2.72693687794328
0.992562757587111,37.1134310905847,-122.32857646517,0.313762618891558,2.47725204618114
0.99183257918552,37.1134369418913,-122.32826099463,0.252837841543377,2.15746652677807
0.988116218147178,37.1134377443405,-122.32833341095,0.241088061530029,2.12507337471214
0.98348906884993,37.1134361905107,-122.328514611581,0.318331979974433,2.53307499381453
0.984611745783959,37.1134375097471,-122.328410289999,0.398839725741928,2.72739507762018
0.981470461076778,37.1134337922556,-122.328905290458,0.371641158490771,2.87348530505955
0.973234890664085,37.1134499399743,-122.328009753713,0.240000119489302,2.16587310281085
0.991627151950105,37.1134437048088,-122.328271332329,0.463245930449996,3.88383750938905
0.987002801120448,37.1134411622081,-122.328550697383,0.36554868284558,2.5103085212491
0.98902966314731,37.1134394844166,-122.328682671238,0.201922126454441,1.88900475896198
0.980003112356053,37.1134414084184,-122.328526859279,0.245657419975242,2.19660945253806
0.992055497481707,37.1134366032768,-122.328839358191,0.302665608415541,2.51247210784899
0.863085460599334,37.1134517584203,-122.327949451469,0.272855984501469,2.95644156167751
0.989179642445213,37.1134489396198,-122.328256744118,0.266545919354489,2.24603643372031
0.991111696638342,37.1134445418713,-122.328509263172,0.43039005604542,2.71226497941125
0.989680509885113,37.1134496499966,-122.328310670497,0.232384520745056,1.96787886186056
0.985488853075477,37.1134454306248,-122.328616207656,0.280471581595402,2.31943226003198
0.991389959789413,37.1134500716323,-122.328198895416,0.456718277285287,2.86571321733495
0.988399295757663,37.1134499322198,-122.328406587814,0.386002007607842,2.70206749298787
0.986934723256391,37.1134518239752,-122.328379505902,0.195176885974035,1.75572442045652
0.985702422145329,37.1134454048184,-122.328937688584,0.217153321518843,1.9606211635449
0.990363700152029,37.1134544808082,-122.328365812774,0.247180541358467,2.05635381460836
0.984330484330484,37.1134477393312,-122.328779162789,0.279383637983269,2.40430176781506
0.99281660899654,37.1134555939362,-122.32846849663,0.416029221429751,2.82366294916664
0.942050087361677,37.1134668454548,-122.327970707107,0.198223126089498,2.06518319865192
0.988963856948272,37.1134585791447,-122.328438249158,0.310063619019992,2.49249131169628
0.959411764705882,37.1134657357847,-122.327957218456,0.198005539049526,1.97214642835654
0.989586133223061,37.113460625493,-122.328340981431,0.273073574172951,2.1864236470312
0.992010262048745,37.1134612659568,-122.328316480539,0.415158870517478,2.61535415607353
0.987008596542065,37.113458474347,-122.328896919841,0.198440716275261,1.71945128459903
0.989803921568628,37.1134680329855,-122.328270160519,0.258495143527924,2.19628250535334
0.991238428456885,37.113468855759,-122.328392849943,0.263282088314451,2.333394995748
0.991898652465101,37.1134653328348,-122.328572842038,0.468250433631101,2.91651214866451
0.992418300653595,37.1134720742835,-122.328361444525,0.439963959101224,2.79648511310741
0.988801994786354,37.1134633310694,-122.328980231852,0.256754436003726,2.1899374366615
0.991511404008353,37.1134717306562,-122.328447134931,0.354016499978435,2.55298696644945
0.991836267353657,37.1134785835522,-122.328168757079,0.326817936887495,2.49454612674838
0.988157709126816,37.1134814525051,-122.328196071039,0.267416276860077,2.07663272963221
0.991841682577204,37.1134794860898,-122.328314763967,0.307887742950865,2.46883990045543
0.990730134158927,37.1134804328976,-122.328335238394,0.369247693980643,2.8496626112579
0.993026900809263,37.1134826356854,-122.328235306746,0.306364614659731,2.38989240847588
0.992,37.1134788994058,-122.328390533175,0.325729990078671,2.52997281253192
0.972954321393362,37.1134779849624,-122.328498410012,0.347488843089521,2.76313753751177
0.991715323166304,37.1134772427074,-122.328622219275,0.32747070288898,2.44683836182484
0.966672852106142,37.1134845313179,-122.328301313111,0.163408967424019,1.65602778867236
0.992509627539172,37.1134745640706,-122.328865351336,0.321595811837451,2.46285598774864
0.987590720102344,37.1134820060815,-122.328422977181,0.376428116956388,2.68783224281823
0.985481428343695,37.1134776634691,-122.328935326359,0.459111747364029,2.7763541887084
0.990862417390355,37.1134885823339,-122.32836978038,0.345965725787072,2.51071282111284
0.992512326568054,37.113492595687,-122.32821802461,0.339655658300076,2.62658589958943
0.977498662572977,37.1134942002407,-122.328527477425,0.398839732032539,2.73834320298874
0.991500438559262,37.1134955470056,-122.328460315521,0.334868715847713,2.46356537229154
0.990434955708172,37.1134935439799,-122.32884391396,0.203662841392568,1.92362209797263
0.992250233426704,37.1134953464023,-122.328580252428,0.328123477400167,2.59002382861161
0.987110928287399,37.113503010582,-122.328427371357,0.282212291580785,2.40416662115085
0.776339869281046,37.113498911485,-122.328763985651,0.103136954115608,1.98350290009912
0.615942028985507,37.1134956965016,-122.328764942297,0.064188609859791,1.74384477996885
0.990871532559512,37.1135058877977,-122.328220749212,0.293309310953477,2.39490867590643
0.973471339755414,37.1135064891706,-122.328273048279,0.270244932246949,2.35190956962919
0.981850735839993,37.1135007839243,-122.328681855961,0.425820706762155,2.74003846048896
0.985115036726765,37.1135138917894,-122.328033702626,0.323554112860308,2.79776259019902
0.98801773910133,37.1135116692707,-122.32834012751,0.333127997581038,2.55581604314227
0.98786350903998,37.11350935867,-122.328455931159,0.548105453242805,3.14345839774364
0.989793993546786,37.113502822911,-122.328832626096,0.385349250401155,2.52508789998365
0.971375216753368,37.1135057723337,-122.328894084335,0.218458862655021,1.98395554441001
0.986317135549872,37.113512195776,-122.328544391177,0.199746251923172,1.81149774649271
0.993024996258045,37.1135121697979,-122.328503559742,0.444533326822082,2.8147010954462
0.980061115355233,37.1135178989734,-122.3284175272,0.224551345286093,2.22498492780157
0.989100808862871,37.1135272755424,-122.327977999257,0.304623911707523,2.38953307103816
0.993838956902558,37.1135252522587,-122.328007805011,0.389265853977427,2.76680435732137
0.976390788873689,37.1135362735008,-122.327699968856,0.176681868431318,1.76696306950662
0.987516339869281,37.1135267097049,-122.328202593501,0.260018266348683,2.21901497394544
0.990700460248408,37.1135228862404,-122.328457202887,0.311804333666358,2.45931970414721
0.989900617781359,37.1135271341556,-122.328271307232,0.220417162379064,2.0903860764248
0.991154277956189,37.1135322966737,-122.327912897893,0.361414517006603,2.54463682245485
0.99379417754882,37.1135240403338,-122.328584125415,0.470861534891864,2.92304603616579
0.984570148896525,37.1135189190876,-122.328920702479,0.546364752089009,3.23000342354372
0.96018506278916,37.1135327158379,-122.328328658054,0.211060856545152,1.99092160122358
0.987727318906837,37.1135382114677,-122.328298616517,0.273943936150124,2.11473263074801
0.967985424258199,37.11354206122,-122.32807655034,0.12293750934338,1.51908442530968
0.978643137254902,37.1135429285852,-122.328028214652,0.242176013958198,2.06249975436954
0.987897363354159,37.1135456220619,-122.327890062828,0.254143388390072,2.27901386102847
0.955557881515596,37.1135287169641,-122.328857636318,0.259147904340915,2.22385516079078
0.992053534086156,37.1135367078806,-122.328488778286,0.383608544416743,2.80246376012266
0.971475136446331,37.1135412339207,-122.32823817793,0.345530554622511,2.57291870347509
0.985573207385144,37.1135450765775,-122.327982090552,0.201269373158618,1.86695116890718
0.985707017337873,37.1135407437067,-122.328273909749,0.242393599685374,1.9678742616763
0.993943227339812,37.1135359210361,-122.328516356092,0.496101804787879,2.94350735809425
0.989993579295698,37.1135459433681,-122.328063876033,0.202357315926657,1.8716238201505
0.962453284185737,37.1135467962939,-122.327943207003,0.193871364225377,1.96295634811304
0.991790941728804,37.1135322074289,-122.328885345963,0.283953001479005,2.39125084939392
0.978063177581017,37.1135397194472,-122.328543190225,0.306582211433701,2.36661839627244
0.990243902439024,37.1135401662996,-122.328597301831,0.261323800550375,2.11465677153856
0.992099508907768,37.1135340490978,-122.328935379715,0.274596701975275,2.36749073408015
0.991335694861886,37.1135373296237,-122.328616520799,0.515032016010665,2.94880679569733
0.980801403130059,37.1135529957389,-122.327874082459,0.217806098821166,2.03547321952147
0.989449112978525,37.1135426030235,-122.328559944175,0.288522365909437,2.40488721888711
0.974845679012346,37.1135556115666,-122.327849766887,0.212583977658403,1.8880646046501
0.974071316290229,37.113546767607,-122.328436597882,0.431478014660581,2.77721533704202
0.980713170223842,37.1135471782204,-122.328481825571,0.22085233981064,1.94889829171566
0.991293493524731,37.1135507078319,-122.328228372594,0.372076354149895,2.78272442708892
0.990091303697051,37.1135387070223,-122.328944721339,0.320507865689354,2.55004034520126
0.990255754475703,37.1135578117192,-122.327840643897,0.226727224880262,2.0732994893556
0.990378390445362,37.1135519969117,-122.328500496892,0.260888625464915,2.20381231423389
0.991371815330435,37.1135483498334,-122.328609841516,0.499148046756703,3.09193042959991
0.988740084475121,37.1135669558165,-122.327795362482,0.280036415904881,2.34413820557523
0.989245934308388,37.113561243187,-122.32803662434,0.265240401904862,2.26139273952592
0.99108617131063,37.1135562037062,-122.328536392855,0.443010211505918,2.91812812546113
0.990823386027171,37.1135696483671,-122.32786772264,0.267851462297629,2.21602651777085
0.990203394790752,37.1135699835092,-122.327821286551,0.266110759562132,2.2771324620905
0.989408859840232,37.1135575278085,-122.328800387409,0.327470711412412,2.53308157270144
0.99171826625387,37.1135586220008,-122.328838763688,0.303535976224195,2.43878027873793
0.988571428571429,37.113573174885,-122.327982391984,0.226727230711806,2.12882821340754
0.970882070407414,37.1135630129166,-122.328585994007,0.3366094302934,2.53941777115118
0.96920216362407,37.1135727447464,-122.328023071347,0.350099894605438,2.86539051351646
0.9942145082332,37.1135672559631,-122.328432058242,0.370335648553332,2.64995204518266
0.985219818056613,37.1135672854177,-122.328466166608,0.268286636823248,2.45208293136714
0.99086200517943,37.1135726511658,-122.328331342477,0.262411750227399,2.26120495077325
0.98954054994779,37.1135686363946,-122.32849177579,0.328341071363828,2.48119349069152
0.989225123204362,37.113569133463,-122.328570911097,0.452366517576767,2.84554654009408
0.991836198286285,37.1135740163031,-122.32826590025,0.354451686653253,2.68260878784661
0.987432081266241,37.1135665961764,-122.328868428858,0.246527785184957,2.13823227535536
0.979187337585637,37.1135672905888,-122.328917083951,0.173853222126927,1.95407071689803
0.993719593100398,37.1135680509927,-122.328941254814,0.268504226324492,2.22870866468821
0.991854176403819,37.1135877507283,-122.327812529133,0.420163427444905,2.97404654444332
0.987853664955915,37.1135889478958,-122.327833119779,0.288957550179683,2.38845327403141
0.979278625030259,37.1135770583066,-122.328806294842,0.266328342426355,2.28039523811226
0.9890268945416,37.1135804890356,-122.328612487787,0.293309317242099,2.32559416940717
0.99034335383638,37.1135940932006,-122.32773569745,0.340090823002685,2.58630611921943
0.991171672584205,37.113591755447,-122.32787350993,0.29853144523011,2.33409159541634
0.98939481490042,37.1135806000102,-122.328528883114,0.474995747398395,3.00834144979462
0.98799752972055,37.1135855275423,-122.328500849417,0.300489737796812,2.41934700571167
0.988782340069507,37.1135824786964,-122.328546351156,0.432783561889489,2.82737959297542
0.986509966305363,37.1135875826216,-122.328330467926,0.235648367396131,1.98349147455652
0.982478019350329,37.113581764576,-122.328661224428,0.496101813784683,2.83475308247005
0.987742296918768,37.1135955491968,-122.327928383451,0.3376973770266,2.5866463707102
0.99091086079822,37.1135845048427,-122.32888625989,0.34117879124634,2.62708611866854
0.988266666666667,37.1136023305847,-122.327802076922,0.247398143996355,2.19783570809723
0.991688967432467,37.1135936414849,-122.328028434865,0.566818084760438,4.01647804080506
0.993181546122723,37.1135937969391,-122.328457189375,0.395793510927826,2.61510746774623
0.973084815321478,37.1136019427371,-122.328087567771,0.174941164985179,1.86445803818152
0.976703788311441,37.1135896217831,-122.32897348153,0.203662850012727,1.96798675754131
0.984909252957381,37.1135910113639,-122.328897377391,0.240217719666295,2.09806205485834
0.989838197489793,37.1136095648209,-122.327774894619,0.555068307066005,3.52824018794081
0.992957799690204,37.1135957543389,-122.328541418858,0.494361101386834,3.02363476794152
0.985362573957264,37.1135986726387,-122.328556145743,0.387742742578062,2.71781625411375
0.98056241309838,37.113610387512,-122.327858751368,0.327905895552807,2.57894902061181
0.985469824293354,37.1136092730924,-122.327910116359,0.719130045886208,3.86911442302225
0.986334656562011,37.1136105379573,-122.327965126878,0.308540526906786,2.41991797679069
0.98950206948451,37.1136116108059,-122.328012088883,0.233037303373521,2.04249417435207
0.98702569436419,37.1136041590843,-122.3286287709,0.239782543395627,2.1617768016584
0.990943348023248,37.1136122875039,-122.328048218906,0.303535985876106,2.37587269941367
0.988966720117028,37.113617230755,-122.327750996776,0.332910430557325,2.48938396437215
0.987300619729757,37.1136048635783,-122.328595838088,0.190825131558677,1.77031040715823
0.982955760816723,37.1136068207441,-122.3285374041,0.294397262165091,2.5087472126714
0.989078759995619,37.1136032459477,-122.328708751078,0.266328350641274,2.32755069133672
0.991422215324124,37.1136186707016,-122.327919834351,0.37272913112053,2.53790526476817
0.988305155791533,37.1136230337048,-122.327876585784,0.396228692577775,2.63709604047436
0.986515560352581,37.1136275763951,-122.327840498675,0.262846929910584,2.23261866978285
0.962487444866588,37.1136238538842,-122.328087538259,0.233907657789485,2.25383415472201
0.98773555439875,37.1136166497663,-122.328491154871,0.272203234012085,2.32519952628929
0.988547631441957,37.1136177065918,-122.328440931168,0.326600364489238,2.35003428905991
0.98818017166706,37.1136275947521,-122.327956880337,0.239347370891677,2.02047395759038
0.980253864770089,37.1136220857511,-122.328350819299,0.191260307535139,1.80276810308371
0.989698485704295,37.1136157071146,-122.328942327489,0.352710987881297,2.54750987586372
0.991585205510776,37.1136172219151,-122.328834586585,0.336391849326425,2.51295787860306
0.994434196442805,37.1136343352875,-122.328023889995,0.423209676795085,2.91403101007619
0.92999804572992,37.1136314802809,-122.328286432395,0.152311963792119,1.6615623626426
0.989848197343454,37.1136206359154,-122.328961187812,0.248921265336205,2.10989963428787
0.988046627585742,37.1136282132022,-122.328538469098,0.41733478174541,2.87748726069999
0.99015373591297,37.1136392040378,-122.32779089281,0.290915849346081,2.42261786816613
0.993497271843935,37.1136261967516,-122.328575071402,0.381432671025422,2.60135099361707
0.977011231677137,37.1136219035977,-122.329012704124,0.238041838939211,1.91281367219857
0.979587382779199,37.1136259165493,-122.328786819556,0.278948479377545,2.21741089532789
0.987241517767517,37.1136360620433,-122.328126767521,0.280036423100573,2.31407962463816
0.992088661551577,37.1136411732848,-122.327869450862,0.4921852262298,2.81512055071905
0.975066242713302,37.1136414727216,-122.327936790849,0.219764404743921,2.07712628949707
0.991371625210744,37.1136393477481,-122.327944758338,0.407108123149141,2.82266101128723
0.99104991394148,37.1136437360177,-122.327898952593,0.290480676862386,2.54658337714504
0.984191868837931,37.1136503721357,-122.327828594088,0.175158757982154,1.75249670351495
0.951388235294118,37.1136338167581,-122.32897897213,0.131423466190862,1.73259373621256
0.98233200753611,37.1136473644203,-122.328052815102,0.270680121222586,2.34701239517532
0.985345717234262,37.1136367655424,-122.328908185932,0.179945704823714,1.69467009607081
0.989569436021831,37.1136520548046,-122.327836475994,0.233037304412069,2.14137742471075
0.986548505865228,37.1136424244799,-122.32876155151,0.224986529735156,1.99966015153136
0.981691507187583,37.113656621348,-122.32778777794,0.32529484177428,2.78341616795033
0.987419169795578,37.1136585975269,-122.327753385621,0.349882345478788,2.63723814006483
0.978569846017503,37.1136488071662,-122.32847686704,0.172982871782368,1.77048214887243
0.980904667300107,37.1136487578569,-122.328459082554,0.333128026058717,2.42853642846877
0.987560695355647,37.1136483326328,-122.328386220655,0.265240407478681,2.33322257525813
0.989333628188117,37.1136501819945,-122.328561493507,0.258495160618542,2.16019228659431
0.991015824400204,37.1136447042471,-122.328859483297,0.323336515910002,2.57693816415005
0.972691532753452,37.1136464582079,-122.328824693973,0.19539449295128,1.87406266735074
0.98938605930177,37.1136613300938,-122.327937734483,0.310063641993805,2.46443773974128
0.990875657092603,37.1136612707699,-122.327886242385,0.466727377269519,2.86602269203846
0.992472391255353,37.113656235254,-122.328335263575,0.341178803651737,2.53056996090301
0.975352020002632,37.1136556804771,-122.328498004377,0.148612961215035,1.54902326744446
0.971609653962595,37.1136476764503,-122.328933787853,0.332910435629774,2.41225580850285
0.835341223576518,37.1136587862711,-122.32841890665,0.170154223470528,2.14842855358858
0.990047830829907,37.1136503777037,-122.328895137122,0.332040075536345,2.5616840105035
0.990191212961611,37.1136543088644,-122.328831617928,0.207797036522911,2.02221934085706
0.986765477844681,37.1136582767081,-122.328583823888,0.30288322030025,2.24326377909645
0.99141016871865,37.1136680412478,-122.327908253473,0.336174262933359,2.58251816287482
0.991036414565826,37.1136698367084,-122.328007804242,0.477824401642552,3.03512826570339
0.98641130870953,37.1136666735751,-122.328143192735,0.253055456355128,2.14238191931831
0.970731010850942,37.1136689434235,-122.328275408464,0.197352790650598,1.84415042058129
0.993244092508798,37.1136689820969,-122.3281644758,0.317026461099484,2.66134494567559
0.990053104575163,37.1136739260576,-122.328033722114,0.277425369850237,2.21615718500473
0.987276933245208,37.1136790976131,-122.327803731089,0.337044616247329,2.4706151913649
0.978399309409298,37.1136627428664,-122.328951613529,0.37272913627241,2.64305215712465
0.989496074563948,37.1136811971035,-122.327925293292,0.257189634177997,2.21753666723886
0.985872903378219,37.1136647485423,-122.328931705246,0.325730015371049,2.73744558870659
0.984349687473242,37.1136695218312,-122.3288537118,0.528522518167063,3.07923308990348
0.992045017650554,37.1136763545653,-122.328391768246,0.275031892650813,2.29104938999682
0.983086185489728,37.1136723881631,-122.328545074823,0.390353788548978,2.58668386769746
0.991822025481683,37.1136860192104,-122.327871351511,0.332910440085556,2.52312924642594
0.98268446619154,37.113680747908,-122.327968161171,0.519601397368052,3.42204685140911
0.702086207617375,37.1136871340867,-122.327892228381,0.233690073939683,2.43369497735693
0.990417807921395,37.1136843627794,-122.327833783045,0.422556910581816,2.90738914418732
0.990448694815349,37.1136745182346,-122.328505281587,0.310934003433434,2.62061562875128
0.936022119067549,37.1136845320447,-122.328069580031,0.388395511422454,3.25977039964132
0.990106951871658,37.1136758087496,-122.328646622617,0.280689197297827,2.24219014958127
0.990825135514957,37.113681913532,-122.328377529996,0.281777135371251,2.25648934797898
0.956358957631112,37.1136766381543,-122.328825549349,0.520906924094037,3.45221792914736
0.983984542722198,37.1136805808732,-122.328857345584,0.265893174975984,2.30450935175242
0.978213507625272,37.1136988776913,-122.327679787399,0.312457116727577,2.91342356361248
0.990199716250136,37.1136817578402,-122.328814016805,0.265022823725888,2.16998638461903
0.991434689507495,37.1136903679419,-122.328169428232,0.437135299078636,2.76283533322866
0.971124840468732,37.1136813585174,-122.328967302091,0.349882347613875,3.78548870478706
0.990701001430615,37.1136874766204,-122.32858763649,0.341831569403451,2.59087218413961
0.989372078162311,37.113691073848,-122.32852948924,0.280689196259279,2.19450849882649
0.978923569427771,37.1136859308476,-122.328900504843,0.235865959526148,1.99498703408269
0.990322853279243,37.1136996540077,-122.327911653532,0.237389080712855,2.19200083881013
0.990027223543196,37.1136881137375,-122.328945637049,0.281777137237598,2.13857200344239
0.989764281163729,37.113704250048,-122.327930651856,0.548975848948052,4.36932876483448
0.991391533920679,37.1136969032069,-122.3284159943,0.30875811760269,2.34473687633524
0.945161036302071,37.1136992976345,-122.328392465365,0.349011988567679,2.3846750528392
0.988982259570495,37.113699471569,-122.328369208454,0.331822502414347,2.55142224624517
0.991866508943614,37.1137087126507,-122.327951577151,0.271550479438901,2.22813831984666
0.990377195054729,37.1136919770357,-122.328863487445,0.46825049683633,2.98912294886241
0.993532965080596,37.1137061066515,-122.32815471357,0.299401808837884,2.33669752277115
0.984433651136296,37.1136937183362,-122.328895182006,0.308540525665592,2.39899606764295
0.990914569137348,37.1137016641919,-122.328480167157,0.211278455880718,1.92740103307964
0.968961899140927,37.113700800621,-122.328658986864,0.151006436284866,1.59179583528378
0.990254175744372,37.1137019192196,-122.328556998876,0.274814308501493,2.4401035975639
0.952982148083114,37.1137130490178,-122.32790454805,0.157316501602673,1.65393576585887
0.98564170289257,37.1137095524366,-122.328010111636,0.508939562026036,3.30850835038167
0.991374327508781,37.1137047515094,-122.328635928342,0.224116181944773,2.07073624897992
0.991688029746645,37.1137027032151,-122.328805788735,0.402321175061439,2.74507676245664
0.984451862936956,37.1137146321611,-122.328135800189,0.246962977593684,2.15161015848621
0.988388330942133,37.1137009985749,-122.328831060649,0.291351032606649,2.38605361603098
0.989691176470588,37.1137030740245,-122.328869368315,0.385566869528559,2.86345502126836
0.993478053344025,37.1137083534839,-122.328520378516,0.496754600159179,2.98499018807269
0.973254423720708,37.1137067576887,-122.328897565201,0.163844159034855,1.66360637393309
0.990161464378067,37.1137070271916,-122.328931643287,0.459764551325297,2.83457735857407
0.983147182923802,37.1137248359512,-122.327759448835,0.317244073080892,2.74254741591005
0.992859571574294,37.1137069185307,-122.328948086425,0.341178813628223,2.50051449423774
0.991659832500808,37.1137347506626,-122.327231187313,0.391876952294583,2.80462744238843
0.95204260763486,37.1137150818792,-122.328592814483,0.299401826159694,2.30713862487537
0.991460446247464,37.1137285773357,-122.327916306858,0.278295730587629,2.33105811692964
0.990585526092993,37.1137168289595,-122.328672404253,0.281341966833538,2.16870023512985
0.991043083900227,37.1137143235009,-122.328831046606,0.292003801988378,2.48237554832254
0.984764522631483,37.113717795056,-122.328762989718,0.263064529716631,2.09942221308181
0.989958014110721,37.1137178349377,-122.328785957726,0.2347780143449,2.19569208676106
0.99252589366989,37.113727953457,-122.328038772151,0.387307582098945,2.85533213349743
0.989607317457814,37.1137160024717,-122.32891069685,0.364678369459738,2.58644565135637
0.987714460784314,37.1137336007214,-122.328009380557,0.249574041786676,2.25594501199458
0.992658250514818,37.1137225512013,-122.328490636874,0.426691101379375,2.87579880366418
0.979367935409458,37.1137240497491,-122.328622665923,0.208232218503529,1.70102765498698
0.986463046757164,37.1137217777584,-122.328818936954,0.343354693989758,2.47744282976372
0.989171374764595,37.1137370515855,-122.328112193037,0.345530580601331,2.70186317135451
0.989633933134296,37.1137287799591,-122.328676488669,0.343354697980027,2.31153207205072
0.991470185885572,37.1137338749321,-122.328537752597,0.345965759167646,2.59137824427764
0.990733425856731,37.1137339441339,-122.328447743331,0.270680129704449,2.26745709568032
0.986534478960123,37.1137363000611,-122.328433632865,0.218458884855411,2.06431580275242
0.991697518168106,37.1137438773395,-122.32794564297,0.279383673587315,2.19882355501915
0.98430171456025,37.1137591994053,-122.327116290477,0.317026487127385,2.52307146671234
0.988929484837413,37.1137331374957,-122.328682067808,0.304841528574606,2.49259885814823
0.992619551417689,37.1137459128119,-122.328128612281,0.331822504910791,2.45494768187924
0.99249299719888,37.1137592797517,-122.327285416874,0.41037197182458,2.84458321464815
0.990269792127377,37.113739202989,-122.328668049937,0.26480523853086,2.26295873617494
0.990754088196544,37.1137341672586,-122.328926598727,0.250879569057802,2.053317982954
0.989673976099315,37.1137358674708,-122.328733990314,0.39883977638278,2.78262730724257
0.991323471537375,37.1137508890471,-122.328052088712,0.401450838625982,2.8678311362828
0.989551083591331,37.1137671990253,-122.327079146715,0.286781682704105,2.3490423732647
0.989233278955954,37.1137630856792,-122.327244863576,0.299401816781581,2.25833495332097
0.991314844256021,37.1137404269807,-122.3288101333,0.323554142580245,2.45971215134778
0.989005390675908,37.1137379152008,-122.328918958138,0.320943079929402,2.41579465935368
0.988943706514864,37.1137666179208,-122.327203465157,0.231079019398525,2.09367418595156
0.990762919340965,37.1137539387345,-122.328014875316,0.423427275316383,2.82571655106673
0.968520782396088,37.1137429021475,-122.328512748306,0.75220354545602,3.46870921989583
0.989929117186781,37.1137428454792,-122.328782877889,0.212148815099954,1.99334070967194
0.99334762244979,37.1137680784616,-122.327157797482,0.248921284388206,2.20834667044461
0.993142231511894,37.1137396681562,-122.328965696707,0.390788993969695,2.83258483764335
0.99250561884833,37.1137446226182,-122.32887628966,0.244351917463234,2.13103731768518
0.991683909744802,37.113747636186,-122.328582886637,0.294832454801758,2.33343821267725
0.981087050204697,37.1137477832348,-122.328669806533,0.184297482587413,1.7416294020633
0.986557106212773,37.1137462733465,-122.328833471846,0.21519505547252,2.07792745382344
0.993724039106854,37.1137589877041,-122.327983601935,0.531133587922696,3.84921163507257
0.984279860476142,37.1137549374052,-122.328476163462,0.285476150884528,2.3315145962477
0.992174317798336,37.113750661801,-122.328710132482,0.335739098952351,2.41265735421178
0.972601406975004,37.1137650935439,-122.327937822299,0.257407225698361,2.38972404812503
0.98955071237128,37.1137656015021,-122.327957032051,0.265458007538684,2.20981065288172
0.987296022161624,37.1137556023546,-122.328631820068,0.234778015818371,2.1119215998437
0.985334813170551,37.1137822721396,-122.327022485498,0.144478783961878,1.72537841293896
0.989197438704755,37.1137565956231,-122.328669759764,0.285040970341456,2.20396197541829
0.993163437481818,37.1137798656305,-122.32722806738,0.330081803559057,2.67599458890178
0.989072669236828,37.1137545280129,-122.328884712563,0.234560432614126,2.02466488679227
0.990190294406848,37.1137517668829,-122.328895173395,0.473907816289579,3.02745203590275
0.99113532533129,37.1137584232613,-122.328693883005,0.336609455799978,2.51235944715098
0.991424648854156,37.1137843810869,-122.32707312711,0.274161549800074,2.27960353914901
0.992796981335489,37.1137573445834,-122.328854595429,0.289827922278407,2.45812235698134
0.987792432848753,37.1137838025291,-122.327054893861,0.298096275003801,2.47900369955432
0.989192127867783,37.1137536522524,-122.328943084572,0.502629500605264,3.07739361579219
0.993628751235242,37.1137754070516,-122.327707794623,0.379256805273124,2.70221551218606
0.99164174144234,37.1137585842795,-122.328914252734,0.349011998860557,2.38261234689524
0.990989729225023,37.1137879612134,-122.327120860916,0.283953034420976,2.27403917232221
0.988333111022187,37.1137615370352,-122.328877236606,0.220634771040611,1.99790908059803
0.988720505151213,37.1137743172965,-122.327979815288,0.290915867653752,2.33303776505839
0.983919177427068,37.1137623902253,-122.328786363172,0.312457123858495,2.39353036855313
0.96718400715335,37.1137650252672,-122.328664472691,0.29265657933582,2.19247467478636
0.986846932321316,37.1137642408589,-122.328755666896,0.301360112238421,2.38813779543908
0.990148007590133,37.1137706243563,-122.328656151875,0.379474400932076,2.94547049758866
0.972408724989144,37.1137808201366,-122.327964874171,0.279383676672808,2.33706267559555
0.982613140042747,37.1137801370136,-122.328075656601,0.208884988113868,1.85944348622058
0.990449438202247,37.1137655617149,-122.328833579598,0.425167994500822,2.85732030623623
0.991160809371672,37.1137678236164,-122.328795969759,0.299836991506348,2.31163645335141
0.989748244977003,37.1137696645684,-122.328850779996,0.314197838482128,2.46746785848018
0.986706056129985,37.1137960952955,-122.327257610365,0.327253149148937,2.53699214912142
0.988317206778273,37.1137778280924,-122.328513396958,0.192348259777166,1.87627387355431
0.955986265473932,37.1137702196322,-122.329013779728,0.20627392510642,2.024739862305
0.993339658444023,37.1137812677115,-122.328460724091,0.305276705843718,2.37213911097047
0.984609843937575,37.1137757980314,-122.328912970066,0.241740860010363,2.26225205420423
0.987280157964825,37.1137775877735,-122.328635675423,0.401450845080696,2.9994089916868
0.988790611134965,37.1138040776526,-122.327189586521,0.335739106837441,2.59062565983695
0.987127420627694,37.1137814181993,-122.328663344614,0.312021952907987,2.31945877686885
0.992572087658593,37.1138038100973,-122.327170119398,0.484569649269538,2.82104128955734
0.990474674308154,37.1137810042407,-122.328755547735,0.350317537833373,2.44046503034985
0.959941489917459,37.1137814875531,-122.32877856092,0.266763539306847,2.01705649611779
0.945124009868848,37.1138125606195,-122.326997345202,0.151876798628991,1.53960351407636
0.98826812307876,37.1137857504358,-122.328579498906,0.318332022629117,2.48836807078493
0.989940665645016,37.1138094086033,-122.327212589989,0.470643995689927,2.94065515260293
0.988357843137255,37.1137979698362,-122.328015769666,0.267198717032793,2.21885550723931
0.989885459134148,37.113789652958,-122.328490274564,0.299619407467847,2.30621920570673
0.972447076175603,37.1137842085253,-122.328813935913,0.425385575564169,2.8488753912746
0.989853137516689,37.1137919022603,-122.328411153847,0.364460796005025,2.68193097186991
0.984457951306617,37.1137889366658,-122.328867665604,0.272856015375576,2.3514600244788
0.986204122674711,37.1137890825096,-122.328822455383,0.194524147741938,1.82765475840576
0.992188745416866,37.1138169920977,-122.327129397929,0.302883243620682,2.45204220031645
0.989760847130614,37.1137945728314,-122.32866868976,0.219111652236628,2.02615195508128
0.991401185220539,37.1137887714537,-122.32897216197,0.253708222278151,2.32697413111792
0.989982110912343,37.1137949972741,-122.328644623665,0.276555023724336,2.31438797656688
0.992128717515715,37.1138230020998,-122.326978300462,0.400580480682519,2.73337478614168
0.991201186356896,37.1138091876074,-122.327773948217,0.287652042313311,2.31429790370175
0.960369532428356,37.113805750265,-122.328057852823,0.165584873645966,2.45139049880133
0.989142892544064,37.1137971926106,-122.328719953178,0.304841534692447,2.33768274175365
0.989808384235629,37.1138198235679,-122.327288132028,0.340961232956361,2.53352801357151
0.984947312258237,37.1137969522306,-122.32892768888,0.284605801773213,2.3849880179603
0.988446309600019,37.1137968362408,-122.328798273176,0.393835238594794,2.75803101242115
0.980661710360419,37.1138278826578,-122.327079852105,0.218458892452134,2.2270256072011
0.953786342123056,37.1138060538734,-122.328488566773,0.115974687802658,1.29714330328182
0.980674218643374,37.113799810071,-122.328989994782,0.218023711537225,2.18755432900482
0.990040333852482,37.1138267926711,-122.327244961323,0.235213206018049,2.04723601298543
0.993340354044431,37.1138108974927,-122.328131798995,0.57508650362475,4.07788345735587
0.992719094806381,37.1138172709373,-122.328027051092,0.396881489665302,2.7762258942948
0.990503090589054,37.1138300089351,-122.327235541186,0.242611216572161,2.148677499062
0.989309735522116,37.1138321888045,-122.327014852692,0.328341098503642,2.48792916495878
0.984825777444736,37.1138109322786,-122.328425399934,0.292221397665133,2.29184924418934
0.986309609279025,37.1138212738905,-122.327766067283,0.593363942658144,3.8725547498935
0.988681651522398,37.1138322983671,-122.327104727413,0.359456272689308,2.6466292461431
0.99015162740159,37.1138076382062,-122.328844254638,0.383173406892778,2.77676705376563
0.992727819096987,37.1138377356028,-122.327025121069,0.256536885099966,2.21408764797409
0.991728456088318,37.1138107451961,-122.328765135635,0.34748889062766,2.39555167048829
0.987390749288029,37.1138410166578,-122.326949906205,0.288087220500598,2.35695418451788
0.990382945124359,37.1138161785143,-122.328490306998,0.360761789491796,2.69926868828543
0.992676157220879,37.1138140084474,-122.3285812214,0.320725498772376,2.43588823522485
0.991815483848833,37.1138366889086,-122.326962256573,0.539401984673549,3.16831160192278
0.990421417280463,37.1138215372661,-122.328099233779,0.291133457392941,2.28697146077479
0.992666749575094,37.1138095132249,-122.328962321041,0.445621317474251,2.9055969704176
0.990463182176895,37.1138130547782,-122.328739148062,0.312239544438264,2.54461374191675
0.991045265689919,37.113816453457,-122.328640309322,0.517207947758223,3.17465895006862
0.992245652978172,37.1138385581197,-122.327210928309,0.255666527066125,2.20876931034988
0.985179403486364,37.1138122277567,-122.328803398828,0.394705586885134,2.78705480415749
0.98507650199668,37.1138423095667,-122.327174811606,0.210408115082961,1.98208798035664
0.987845823260811,37.1138151665386,-122.328916441413,0.278513319120619,2.2154580542854
0.989123196448391,37.1138338911154,-122.327826886662,0.258495175900435,2.27787878898528
0.990907078013137,37.1138204970308,-122.328673145191,0.396881487079402,3.07248382696434
0.98875688206317,37.1138431423356,-122.32730302378,0.293526933784093,2.370534672261
0.994434455004709,37.1138486220852,-122.327072033668,0.231949383955222,2.03363059723141
0.989674930177651,37.1138260711838,-122.328504661909,0.331822510398887,2.44328610453322
0.990825688073395,37.1138502108365,-122.326965850518,0.320072736774015,2.50528086098414
0.986598489970701,37.1138242178314,-122.328826218059,0.322466205825142,2.48992221714131
0.99165716147955,37.1138217990121,-122.328890905372,0.519166237393294,3.08723304344038
0.993137989278108,37.1138231362715,-122.328858327945,0.647325877599907,4.37638087828071
0.966194188518781,37.1138304512148,-122.328713347541,0.169283880142624,1.7987471052467
0.991245042440417,37.1138529906718,-122.327123477133,0.502194331458877,3.14435303390815
0.98289361119666,37.1138592197607,-122.327014450119,0.269157019534515,2.33504651794352
0.989446491339516,37.1138331621406,-122.328652828456,0.233690084628712,2.00383554674582
0.989481185205618,37.1138488761523,-122.327719833527,0.398839786805035,2.70723704349187
0.99098099827257,37.1138453889042,-122.327830442816,0.315503381341499,2.43815086906688
0.988477289650037,37.1138562552852,-122.327236980006,0.303100832266067,2.36011382473988
0.990989795071766,37.1138333107322,-122.32869550609,0.34553059486712,2.63081136821508
0.98582327355616,37.1138297017095,-122.328793704139,0.394705611504383,2.86960079230276
0.989137331345794,37.1138581065932,-122.327265940113,0.257189655112614,2.32921999604062
0.989494366253659,37.1138630074429,-122.327060638291,0.241305688878783,2.13005218647603
0.989757785467128,37.113836123507,-122.328872746525,0.247615753896454,2.0922474462382
0.990640455926289,37.1138318360874,-122.328950468317,0.382520618204446,2.8832858623966
0.992324466551326,37.1138397686679,-122.328584240677,0.50850442087096,3.06597742222464
0.989191939751679,37.1138428169328,-122.328529438359,0.283735452620493,2.24625934414021
0.989626818469323,37.1138641999834,-122.327138292267,0.382955826889779,2.64024530613577
0.977547097270281,37.1138400039983,-122.328830312879,0.286999280834011,2.47102752052449
0.99326886108893,37.1138374020771,-122.328891830413,0.324206922969862,2.32686767567278
0.990987635159605,37.1138432367593,-122.328632248294,0.356627612349277,2.46237526118602
0.992471328153903,37.1138401520389,-122.328732691309,0.312239561879773,2.37925472663857
0.976286764705882,37.113869318348,-122.327097943577,0.255231355124096,2.27594341038576
0.784522478192798,37.1138400632898,-122.32900165004,0.145566729918259,2.32849387859141
0.987337446056709,37.1138573820767,-122.327763367216,0.328993870162407,2.64261446408528
0.989553331706126,37.1138415532565,-122.328922813426,0.236083561618662,2.06002440172736
0.987743205390264,37.1138732793447,-122.326952988458,0.250009232075468,2.14105141217987
0.989702215050609,37.1138476671076,-122.328551932837,0.204315637080332,1.92366236306942
0.988629455189231,37.113847123245,-122.32868116206,0.290045518606783,2.351965343653
0.988412675583681,37.1138450166598,-122.328802622209,0.390789006396688,2.82432431662331
0.991878172588833,37.1138584693214,-122.328149497408,0.28895757740765,2.31205329053076
0.990829477858559,37.1138441467116,-122.328956225049,0.346618547281598,2.62797699855345
0.991308793456033,37.1138740575471,-122.327152994798,0.314415441755804,2.45368976807862
0.988498042790498,37.1138737882147,-122.32730721516,0.517643130506922,2.9693266004278
0.992654303100551,37.1138513548171,-122.328632610012,0.394488010299381,2.76858308087781
0.990929922264764,37.1138782754413,-122.327070519357,0.326382795269951,2.45620970856082
0.981980501697886,37.1138515633714,-122.328817137002,0.182121604462151,1.78937006100995
0.987824689815228,37.1138549584458,-122.328724725729,0.328776278054747,2.45810987945445
0.991974464204286,37.1138776857579,-122.327264637708,0.330952160994422,2.49341601249923
0.992066159797252,37.1138839074943,-122.327198800273,0.350317551287112,2.4900986487579
0.993594496622178,37.1138614408482,-122.328655574157,0.457371099797999,2.89849515836378
0.994078764650336,37.113861236517,-122.32868847472,0.351405483434644,2.57736121764023
0.989033287733698,37.1138576550892,-122.328955082274,0.32442451296626,2.40942751516569
0.98523428150603,37.1138649513239,-122.328618684071,0.207797054927921,1.93876842006566
0.978959646788903,37.1138615289809,-122.328719908106,0.45671836622657,2.7992708436569
0.983125832857415,37.1138608421062,-122.328976508052,0.252620290918969,2.04805810486049
0.941714490674318,37.1138586080238,-122.329112036383,0.166890408750079,1.62318026667185
0.990431078798561,37.1138608133101,-122.328930006088,0.266981132824629,2.19698207138001
0.991523891109842,37.1138925359225,-122.32689864502,0.400580495304733,2.69019212001216
0.990460368999975,37.1138613287366,-122.328914687252,0.367724623759531,2.65056301447053
0.985430968726163,37.1138666394734,-122.32885547916,0.423427295074282,2.80231767266817
0.988626690986472,37.1138923609753,-122.327237602511,0.261759009471738,2.30201391904224
0.990333213039817,37.1138704770296,-122.328569247433,0.396446319146481,2.81307806997222
0.990290610801086,37.113894121332,-122.32711200908,0.318549621496962,2.50649987081798
0.988883205456096,37.1138994431397,-122.326942307538,0.385566893181621,2.83763659208587
0.991463748290014,37.1138990094932,-122.327009475218,0.416899642139655,2.74819329004832
0.986692381870781,37.1138770066193,-122.328699755744,0.405149862365321,2.63017696474532
0.992110097872198,37.1138740190338,-122.328889284654,0.295485241362409,2.48720973253203
0.984956404273609,37.113880698832,-122.328667849643,0.229120733072293,1.99578317960695
0.985158121219502,37.1139073620062,-122.327172763369,0.238694632824642,2.12843828367559
0.989923148746678,37.1138832110834,-122.328918732005,0.263064546023454,2.17740021429415
0.991446486173027,37.1138848631142,-122.328727695211,0.269157022615614,2.25679880028307
0.990905202494316,37.1139134283173,-122.326945752164,0.428431831322325,2.9141590266514
0.991879795396419,37.1138855252974,-122.328870945552,0.274161561335361,2.38020847566562
0.98017616202418,37.1139096832761,-122.327212100701,0.325947638926178,2.63108437493399
0.991386809269162,37.113892359147,-122.328565914275,0.263064539200013,2.2258005210117
0.991974934303619,37.1138925139959,-122.328640671856,0.28808722948421,2.42125785298955
0.992061766970068,37.1139163875787,-122.3271891173,0.409066460988693,2.76595907839822
0.989909955398468,37.1138958315411,-122.328730314851,0.236083567467255,2.21205532165468
0.989141694413615,37.1138919664293,-122.328945557283,0.515902428276117,3.56627112229339
0.988403438830581,37.1138960255213,-122.328762601589,0.336609475517236,2.57140975281794
0.993030276385592,37.1139322209241,-122.326984895483,0.330516993422632,2.4664838948178
0.988257906127855,37.113907430854,-122.328932019641,0.288087229593604,2.15926612715899
0.988868353408536,37.1139331646661,-122.327144670985,0.435612265218474,2.68935488242811
0.989709624307738,37.1139073020639,-122.328967434308,0.253055470550321,2.08228722423443
0.982620520243892,37.1139092861524,-122.328875366466,0.220852360843854,2.08283748331188
0.993099787685775,37.1139081914603,-122.328946478177,0.313980264954227,2.51007609741495
0.981561895144324,37.1139150366682,-122.328674578891,0.326600406776558,2.37872607265121
0.991053109985716,37.1139136089843,-122.328712152581,0.2878696540113,2.26435874227751
0.988613761726457,37.1139131882112,-122.328894012403,0.2319493833109,1.99334469622243
0.982564917859036,37.1139470961055,-122.326870739879,0.334433608124163,2.51736435831737
0.98968868249054,37.1139171792711,-122.328922423485,0.233907682577664,2.08337751125924
0.968483660130719,37.1139266948276,-122.328545297529,0.283517873293366,2.43202226690493
0.99120968978382,37.113946017282,-122.327258241957,0.548323136809742,3.24755929164456
0.980998533760779,37.1139357196137,-122.328175200896,0.382520660688137,2.88480388816845
0.988537520271266,37.1139298853128,-122.328636975674,0.258060012225411,2.18109715691631
0.981966363781285,37.113923852701,-122.329018327019,0.234560450683062,2.03027607962571
0.990053475935829,37.1139300347498,-122.328713217929,0.433218792526209,2.78692795493165
0.990159428257284,37.1139306401005,-122.328730354014,0.217370953253969,1.95778783070169
0.959769045958304,37.1139291110786,-122.328763535736,0.381867898715994,3.61800901360232
0.989394854451021,37.1139282946574,-122.328951218207,0.46694501316835,2.89172909234978
0.993032400125826,37.1139604716541,-122.327122414446,0.359021104322661,2.63729876404638
0.970507792860734,37.1139329902227,-122.328996048954,0.280471635138147,2.33936270980993
0.991636421739825,37.1139437587868,-122.328184083689,0.41428858977322,2.72492288298724
0.988673933680317,37.1139661683311,-122.326962316599,0.298749087104073,2.42686373689953
0.992469106400995,37.1139399596136,-122.328664823185,0.354669325302342,2.50706438053316
0.9860247872734,37.1139361319462,-122.328931101122,0.221287531677415,2.17039907056681
0.959833204488486,37.1139491566021,-122.328207717982,0.392529734574916,2.61437553130799
0.991526610644258,37.1139669795202,-122.327011348921,0.274379158277143,2.35388334821238
0.940642739217948,37.1139488579842,-122.328195053214,0.407325755724649,2.82097600239868
0.987193881702058,37.1139449899964,-122.328692421211,0.246310233344223,2.23598152206534
0.97801757066463,37.1139755535521,-122.326916411721,0.298531488668037,2.44126224654617
0.992689619259348,37.1139472927006,-122.328760011036,0.468468139088286,3.18403422841107
0.990570322745738,37.113953129199,-122.328689210166,0.296355596772126,2.33204461203133
0.986947149720816,37.1139555909468,-122.32859698641,0.360109040108691,2.50390465079734
0.992141081784827,37.1139548554396,-122.328707149683,0.246962998863837,2.14030295176104
0.987933006535948,37.1139819038877,-122.327004094284,0.2426112322889,2.21583404244928
0.98655950752394,37.1139557678884,-122.328775670303,0.332040119712997,2.57475095784064
0.989322787938705,37.1139839840493,-122.326914771438,0.29744354591332,2.44556817252287
0.977870049980777,37.1139815083146,-122.327311749756,0.246092646280714,2.18129764548335
0.93922322775264,37.1139561818056,-122.329034115818,0.125766181372965,1.42218321073416
0.986938397406207,37.1139605546237,-122.328787702454,0.180380904339558,1.72315528782853
0.968553365930755,37.1139594337378,-122.328976866033,0.188431683685788,1.81765436796531
0.989269752018455,37.1139901146856,-122.326962139022,0.277860581953381,2.50966952288148
0.992275508929687,37.1139667170898,-122.328538424039,0.31223956655574,2.50056246810286
0.987545476021734,37.1139689596484,-122.328567922824,0.208885002970915,1.99434067629577
0.98203137254902,37.1139951882026,-122.326929247516,0.252620305294486,2.38513809629905
0.990148448043185,37.1139687078652,-122.328628879892,0.253490653510154,2.24736882441306
0.992017517666965,37.1139635047183,-122.329016412512,0.385784495812009,2.55840571877675
0.986645104777306,37.1139689760666,-122.328749007634,0.399057390873022,2.61264996400476
0.987904652056901,37.1139710372846,-122.328802100565,0.248268530556109,2.14725835200519
0.988309707184582,37.1139726803858,-122.328912247146,0.26306455470267,2.23966160056898
0.989997289238276,37.1140032268022,-122.327016514014,0.325294883681238,2.57994659719867
0.972044147000117,37.1139754575919,-122.328940430966,0.164932119335079,1.60306673999694
0.935049019607843,37.1139842852348,-122.328530052837,0.168195944380919,1.66719033909975
0.99180690648963,37.1139842385773,-122.328589879213,0.19365380972912,1.86134986077269
0.982051736357193,37.1139777483939,-122.32903678947,0.328776292861411,2.50025900673632
0.98337743401859,37.1140136112286,-122.326966532076,0.275249513077538,2.29275266526807
0.992288838612368,37.1139892497004,-122.328663129614,0.502847139224105,3.10493280327764
0.923636165577342,37.1140111820258,-122.327276143344,0.437135398485943,2.83358349186612
0.98627828780838,37.113986747283,-122.328943689604,0.254361015864769,2.20233029865721
0.99221394525787,37.1139932805832,-122.328615600499,0.332692889737248,2.31684331822271
0.990689437065149,37.1139934276054,-122.328841030321,0.298966668066796,2.40502792687427
0.981213818860878,37.1139914054767,-122.328974285567,0.15709893201554,1.61780066777965
0.993159821473346,37.11402402351,-122.327003258265,0.199093534298752,2.03550789422995
0.985417770711888,37.1139937590143,-122.329055580397,0.216065430160121,1.95812802179358
0.983577056991021,37.1139962592021,-122.329015938906,0.261106257033176,2.21314680234745
0.969154834347532,37.1140236413265,-122.327079585138,0.42016349844925,2.77527052947008
0.991282913165266,37.1139937791582,-122.328989022024,0.417334835957522,2.77092782504822
0.971872232764073,37.1140235716017,-122.327319057537,0.427126327545893,2.85495762903
0.98953716370269,37.1140332569719,-122.326913647638,0.411242365575722,2.89434258039151
0.87267834049841,37.1140031461624,-122.328756119682,0.285476177646642,2.78592593303379
0.988521122734808,37.114005239908,-122.32888909152,0.323554175020822,2.27737264561688
0.9864739753867,37.1140132839816,-122.328563295295,0.257189668571479,2.38322869893533
0.991628651460584,37.114006481071,-122.328919024594,0.360761818416389,2.68551442877884
0.986295005807201,37.1140385463656,-122.327051204585,0.289392774798419,2.64227273234109
0.985423013827045,37.1140407522119,-122.327110837335,0.244569533552139,2.14907191740585
0.993998590762203,37.1140171709036,-122.328527023326,0.393182521352803,2.70019490946886
0.979882456961565,37.1140394197443,-122.327243570596,0.185167863775591,1.8164492504286
0.962688975411274,37.1140198087032,-122.328502295598,0.254578605103695,2.24907457196619
0.99184940694187,37.1140129839135,-122.328969783803,0.610553474668958,3.05514694060673
0.985924520345773,37.1140197766509,-122.328739107956,0.228250391499255,1.94023400360511
0.991836298552118,37.1140286020778,-122.328368300248,0.190607572994055,1.94433178179522
0.98579667160982,37.1140541281848,-122.326757785705,0.225421742681048,2.06382305164661
0.98391173578576,37.114031163266,-122.328584214531,0.314850636644588,2.40059389660085
0.98782363774239,37.1140323993922,-122.328899658211,0.182774383199866,1.74818372954815
0.989952541526165,37.1140593301153,-122.327285259954,0.308540572885398,2.51305216802607
0.992455242966752,37.1140422831133,-122.32854584768,0.269374627504938,2.31929943052164
0.987140902872777,37.1140387263697,-122.328784683151,0.240000173923211,2.1671301416751
0.986057648865998,37.1140638674836,-122.327242877606,0.217806136073106,2.05981668389255
0.971067821067821,37.1140392566836,-122.328952240301,0.229120747092217,2.50795688943875
0.983205128205128,37.1140376174683,-122.328987732981,0.264370105620696,2.38220551430213
0.987158932670957,37.1140695814432,-122.327258287008,0.261759028344279,2.38247102517055
0.990330788804071,37.1140452937673,-122.328741300143,0.265675654400348,2.37052913809338
0.993698802772527,37.1140496130422,-122.328818908758,0.269592218628874,2.33080020140166
0.976461614394041,37.1140529894441,-122.328951108773,0.218241318858932,2.17887212032732
0.989041565882696,37.114076303361,-122.327165087758,0.554850826232714,4.11157275899403
0.986186713491367,37.1140891533318,-122.326739787917,0.293091787250497,2.41329965482056
0.98281862745098,37.1140835827873,-122.327283433341,0.271115343254562,2.32783755313348
0.988109121909634,37.1140678395715,-122.328563155126,0.279818882181008,2.29606157264915
0.993357155946491,37.1140926889341,-122.327104436607,0.217370972521912,1.9935487336883
0.938680926916221,37.1140971157714,-122.327070296555,0.14643709900281,1.86085298124112
0.990244373611514,37.1140725546695,-122.32862923087,0.296790794367073,2.32315275213465
0.989761454497197,37.1140734894742,-122.328782696843,0.287652071866,2.40539005370312
0.992044689729439,37.1140711804304,-122.328766403505,0.414506189201937,2.90774063562616
0.988688057040998,37.1141038667187,-122.326892837257,0.279383706752635,2.34617789971725
0.981409076298179,37.1140962579342,-122.328593181985,0.320290363771564,2.51260197680104
0.991739521496672,37.1141160769037,-122.327275943689,0.270897755923789,2.26087913561322
0.984635731125295,37.1141268185945,-122.32719265379,0.321595888119823,2.48151361277042
0.993144974525243,37.1141077641908,-122.328739591111,0.318332063406686,2.49290527803352
0.9841372949998,37.1141097560167,-122.32881099078,0.245439894167973,2.28716406209893
0.986362598283906,37.1141355510987,-122.327143719813,0.286999313972059,2.34132464348012
0.978134605193429,37.1141453267888,-122.326894492298,0.188649282122788,1.99282050496458
0.980287285092319,37.114151239873,-122.327225608656,0.305276753680102,2.39907906387365
0.991156862745098,37.1141266662446,-122.328725824448,0.432566059309266,2.85943729146751
0.988366967224846,37.1141634164381,-122.326851749436,0.334216035777419,2.67908260866957
0.969440325149668,37.1141866573762,-122.326900891395,0.35249348086686,2.97072530101763
0.971718282328508,37.1141818883891,-122.32725905609,0.16406178104146,1.67199131219526
0.983370014672536,37.1141950847889,-122.326908849104,0.291351088929071,2.36193077119672
0.983026267110618,37.1141949027875,-122.326957601361,0.261759044738392,2.38497215135213
0.991350340434236,37.1141692715644,-122.328767520041,0.322683848697598,2.48344437019343
0.990439654122519,37.1141723618158,-122.328813311613,0.165584898392757,1.65621720566443
0.991262947200684,37.1141869863958,-122.328757610558,0.483699382150969,2.80400053347621
0.987118431372549,37.1142176543647,-122.327002266177,0.304623996717077,2.25080325437147
0.987313258636788,37.1141955611962,-122.328826595875,0.310281293145377,2.52661826961516
0.968321449792038,37.1142373502015,-122.327018726767,0.313762716445604,2.50688944907067
0.94433962264151,37.1142826591709,-122.327046369866,0.101831453850823,1.25975042222301
0.970041478129714,37.11426936158,-122.329174572404,0.400362972765283,2.6634585202193
0.987569448948267,37.11432480253,-122.329173257272,0.426473617483999,2.71797351400649
0.949170978984053,37.114344435653,-122.329233868148,0.264152537635946,2.23928977035867
0.990558552387476,37.1143448064017,-122.329202067546,0.321378327344896,2.44794990406222
0.991901801370955,37.1143477304493,-122.329147471085,0.305276775435351,2.37923166769145
0.991376387422832,37.114375316971,-122.32921633007,0.310716486232287,2.48084265110201
0.989977815943896,37.1143849455859,-122.328897865316,0.260671121512124,2.20719075481665
0.989742287243049,37.1143992579203,-122.329184251741,0.282429980833166,2.17706721765242
0.99259055647181,37.1144229519941,-122.329166058944,0.315285864145154,2.36569805295075
0.990178757015174,37.1144570553889,-122.329138157513,0.283953108231934,2.41292031694425
0.973724074467332,37.114466725665,-122.328956914722,0.137080810536053,1.65066016715673
0.986558485463151,37.1144665237251,-122.329164653253,0.273944033950194,2.19546100058041
0.987044817927171,37.1144696188178,-122.329174796686,0.272856087505408,2.22858318877305
0.990052264197271,37.1144729632053,-122.329237285226,0.286346582660416,2.46255636113311
0.990483372836314,37.1144777040418,-122.329126652579,0.273726442344562,2.32291241174881
0.988449717675649,37.1144784880931,-122.329269152115,0.391877052973456,2.69313292449267
0.990385254492931,37.1144828423276,-122.329295408534,0.374034782156162,2.64349252046284
0.988731124633762,37.1144918130361,-122.329038477872,0.212366463717179,1.93803028073788
0.991927147428009,37.114497704671,-122.328962800949,0.345313096300239,2.5653596334351
0.991706754437787,37.1144966766273,-122.329076099586,0.346618619595381,2.67502740217495
0.991976560739238,37.1145012134532,-122.329126319716,0.298096371359159,2.42604612592239
0.990206601424112,37.1145007265723,-122.329288488208,0.279383753601763,2.33364003440936
0.987780198499153,37.1145130130495,-122.329199962868,0.198875978047764,1.87355807802121
0.984854292594231,37.1145199066524,-122.329233966856,0.19539455720565,1.87789597837245
0.990728900255754,37.1145251153253,-122.32910706888,0.192783488983404,2.05767552988894
0.987773580380164,37.1145232182433,-122.329136719912,0.323336651361809,2.74298173956976
0.991668516463189,37.1145290039296,-122.329086694118,0.26284702033624,2.25984822069606
0.989034267912773,37.1145377910913,-122.329219421837,0.266546026948801,2.20482926729737
0.992268270944742,37.1145415694134,-122.329211798883,0.261541493161095,2.30703018136824
0.993321078431373,37.1145481803079,-122.329141111395,0.369465436322041,2.6990188871337
0.991245008641755,37.1145505841382,-122.329191626179,0.325294951002631,2.68359331315287
0.984190394480491,37.1145639011295,-122.329226501236,0.5048055466452,2.98128165729479
0.991026628992208,37.1145626588431,-122.329163398449,0.327035650505148,2.71779718161228
0.992116670972928,37.1145616823822,-122.32920885074,0.646020536351169,3.286475512891
0.993181893330688,37.1145681203896,-122.329190139113,0.291568722217236,2.36658070152907
0.974499224150092,37.114581809359,-122.32915774917,0.260018381883902,2.31690372437179
0.990170894045692,37.1145910273191,-122.329191863527,0.257842497959931,1.94856170894534
0.991793474146415,37.1145968681118,-122.329213481356,0.251967601126903,2.14025261088263
0.989439326902154,37.1146005623504,-122.329240255771,0.37599310127209,2.6594178773325
0.991332354229471,37.1146030569204,-122.329162755865,0.371641328298982,2.67132526982598
0.991486217675476,37.1146167243996,-122.329214822964,0.49588442434648,3.13117553999297
0.988663472321338,37.1146204400664,-122.3292575544,0.277643059186961,2.27969733743975
0.990326797385621,37.1146272390011,-122.329182602279,0.387742889121308,2.65201678428797
0.984913289760349,37.1146371307457,-122.329234020459,0.531133781891024,3.10094917433151
0.992995546301116,37.1146436134118,-122.329206909263,0.340090992641479,2.52290429431948
0.987165113570181,37.1146497610678,-122.329178238891,0.368159916382698,2.59976193230935
0.993690972721607,37.1146556024553,-122.329234661066,0.398187138016369,2.9005980031754
0.988630399528232,37.1146628616065,-122.329203959184,0.334433689774929,2.80786897312224
0.964596341329828,37.1146700337161,-122.329170187816,0.319637644029621,2.53778355164601
0.985098039215686,37.1146756397643,-122.329212112642,0.201922227253895,1.84410209624813
0.959850057670127,37.1146873233794,-122.329246783333,0.161668335303887,1.69052629442554
0.990971720383485,37.1146992158549,-122.329249605854,0.200181520252756,1.86341936778723
0.989364069952305,37.11470974175,-122.329130985805,0.358803619862556,2.46596441549197
0.906248448746587,37.1147351844101,-122.329176167147,0.157098978266411,1.67003044032578
0.986321977580604,37.1149307645348,-122.329254519201,0.258495289025556,2.21641948736225
0.990731984111973,37.1149508783865,-122.329286740894,0.30941103439632,2.47121167984832
0.988911426639621,37.1149552473108,-122.329326840995,0.26306465537054,2.11493353759139
0.987966504703815,37.1149597851285,-122.329300627465,0.277207913926143,2.31901553244954
0.984494027496056,37.1149631535374,-122.329253206937,0.210843380690056,1.95229078668323
0.983388180447004,37.1149990080311,-122.329331263359,0.279166215156854,2.3683263271407
0.9916927319813,37.1150021495746,-122.329305390939,0.287869763718804,2.28136297788789
0.988543250302109,37.1150143328661,-122.3293704092,0.244569627484963,2.14902589743727
0.975159565292393,37.1150265390951,-122.329356934086,0.16906636997531,1.80073187436959
0.985411229338152,37.1150453590759,-122.329325075127,0.150136159966693,1.55176255258972
0.971850939328611,37.1150455238016,-122.329377351513,0.10357219311933,1.32503759229359
0.987642362334155,37.1150616903596,-122.329398559414,0.321378418373097,2.43528045596943
0.991751183231914,37.1150750434312,-122.329426927668,0.261323956407037,2.10265518127199
0.983554049892208,37.115092930415,-122.329382306296,0.382520832568353,3.91373369257671
