"Date","Time (GMT)","Predicted (ft)","Preliminary (ft)","Verified (ft)"
"2000/01/03","00:00","0.568","-","0.04"
"2000/01/03","01:00","1.261","-","0.76"
"2000/01/03","02:00","2.078","-","1.5"
"2000/01/03","03:00","2.822","-","2.24"
"2000/01/03","04:00","3.333","-","2.69"
"2000/01/03","05:00","3.532","-","2.88"
"2000/01/03","06:00","3.433","-","2.73"
"2000/01/03","07:00","3.132","-","2.33"
"2000/01/03","08:00","2.781","-","1.99"
"2000/01/03","09:00","2.543","-","1.78"
"2000/01/03","10:00","2.549","-","1.79"
"2000/01/03","11:00","2.863","-","2.1"
"2000/01/03","12:00","3.459","-","2.76"
"2000/01/03","13:00","4.222","-","3.46"
"2000/01/03","14:00","4.971","-","4.3"
"2000/01/03","15:00","5.505","-","4.79"
"2000/01/03","16:00","5.652","-","4.93"
"2000/01/03","17:00","5.324","-","4.66"
"2000/01/03","18:00","4.54","-","3.85"
"2000/01/03","19:00","3.424","-","2.74"
"2000/01/03","20:00","2.183","-","1.53"
"2000/01/03","21:00","1.049","-","0.33"
"2000/01/03","22:00","0.234","-","-0.43"
"2000/01/03","23:00","-0.124","-","-0.77"
"2000/01/04","00:00","0.014","-","-0.64"
"2000/01/04","01:00","0.578","-","-0.07"
"2000/01/04","02:00","1.409","-","0.75"
"2000/01/04","03:00","2.301","-","1.67"
"2000/01/04","04:00","3.052","-","2.36"
"2000/01/04","05:00","3.517","-","2.8"
"2000/01/04","06:00","3.646","-","2.89"
"2000/01/04","07:00","3.485","-","2.69"
"2000/01/04","08:00","3.161","-","2.36"
"2000/01/04","09:00","2.84","-","1.98"
"2000/01/04","10:00","2.683","-","1.86"
"2000/01/04","11:00","2.799","-","1.9"
"2000/01/04","12:00","3.221","-","2.5"
"2000/01/04","13:00","3.888","-","3.19"
"2000/01/04","14:00","4.655","-","3.95"
"2000/01/04","15:00","5.325","-","4.53"
"2000/01/04","16:00","5.697","-","4.95"
"2000/01/04","17:00","5.625","-","4.93"
"2000/01/04","18:00","5.058","-","4.38"
"2000/01/04","19:00","4.066","-","3.43"
"2000/01/04","20:00","2.816","-","2.16"
"2000/01/04","21:00","1.541","-","0.88"
"2000/01/04","22:00","0.478","-","-0.21"
"2000/01/04","23:00","-0.179","-","-0.81"
"2000/01/05","00:00","-0.329","-","-0.98"
"2000/01/05","01:00","0.025","-","-0.55"
"2000/01/05","02:00","0.768","-","0.13"
"2000/01/05","03:00","1.707","-","1.14"
"2000/01/05","04:00","2.622","-","2.06"
"2000/01/05","05:00","3.318","-","2.76"
"2000/01/05","06:00","3.682","-","3.08"
"2000/01/05","07:00","3.702","-","3.03"
"2000/01/05","08:00","3.464","-","2.71"
"2000/01/05","09:00","3.123","-","2.45"
"2000/01/05","10:00","2.849","-","2.18"
"2000/01/05","11:00","2.791","-","2.04"
"2000/01/05","12:00","3.03","-","2.38"
"2000/01/05","13:00","3.561","-","2.91"
"2000/01/05","14:00","4.284","-","3.68"
"2000/01/05","15:00","5.027","-","4.39"
"2000/01/05","16:00","5.581","-","4.96"
"2000/01/05","17:00","5.758","-","5.19"
"2000/01/05","18:00","5.449","-","4.92"
"2000/01/05","19:00","4.655","-","4.07"
"2000/01/05","20:00","3.493","-","2.88"
"2000/01/05","21:00","2.17","-","1.56"
"2000/01/05","22:00","0.93","-","0.39"
"2000/01/05","23:00","0.003","-","-0.53"
"2000/01/06","00:00","-0.448","-","-0.93"
"2000/01/06","01:00","-0.362","-","-0.81"
"2000/01/06","02:00","0.206","-","-0.32"
"2000/01/06","03:00","1.098","-","0.59"
"2000/01/06","04:00","2.094","-","1.5"
"2000/01/06","05:00","2.97","-","2.46"
"2000/01/06","06:00","3.558","-","3.04"
"2000/01/06","07:00","3.785","-","3.24"
"2000/01/06","08:00","3.686","-","3.1"
"2000/01/06","09:00","3.383","-","2.7"
"2000/01/06","10:00","3.045","-","2.39"
"2000/01/06","11:00","2.841","-","2.22"
"2000/01/06","12:00","2.897","-","2.25"
"2000/01/06","13:00","3.261","-","2.68"
"2000/01/06","14:00","3.885","-","3.25"
"2000/01/06","15:00","4.635","-","4.01"
"2000/01/06","16:00","5.312","-","4.76"
"2000/01/06","17:00","5.709","-","5.13"
"2000/01/06","18:00","5.668","-","5.18"
"2000/01/06","19:00","5.127","-","4.52"
"2000/01/06","20:00","4.141","-","3.56"
"2000/01/06","21:00","2.869","-","2.32"
"2000/01/06","22:00","1.542","-","0.91"
"2000/01/06","23:00","0.404","-","-0.21"
"2000/01/07","00:00","-0.335","-","-0.91"
"2000/01/07","01:00","-0.549","-","-1.18"
"2000/01/07","02:00","-0.226","-","-0.75"
"2000/01/07","03:00","0.527","-","0"
"2000/01/07","04:00","1.516","-","0.96"
"2000/01/07","05:00","2.507","-","1.93"
"2000/01/07","06:00","3.29","-","2.67"
"2000/01/07","07:00","3.735","-","3.18"
"2000/01/07","08:00","3.818","-","3.25"
"2000/01/07","09:00","3.614","-","3.09"
"2000/01/07","10:00","3.271","-","2.72"
"2000/01/07","11:00","2.963","-","2.4"
"2000/01/07","12:00","2.848","-","2.31"
"2000/01/07","13:00","3.022","-","2.63"
"2000/01/07","14:00","3.496","-","3.08"
"2000/01/07","15:00","4.182","-","3.81"
"2000/01/07","16:00","4.91","-","4.46"
"2000/01/07","17:00","5.473","-","4.99"
"2000/01/07","18:00","5.683","-","5.21"
"2000/01/07","19:00","5.422","-","4.97"
"2000/01/07","20:00","4.68","-","4.19"
"2000/01/07","21:00","3.558","-","3.06"
"2000/01/07","22:00","2.247","-","1.76"
"2000/01/07","23:00","0.985","-","0.47"
"2000/01/08","00:00","0.007","-","-0.35"
"2000/01/08","01:00","-0.507","-","-0.92"
"2000/01/08","02:00","-0.476","-","-0.94"
"2000/01/08","03:00","0.059","-","-0.4"
"2000/01/08","04:00","0.949","-","0.43"
"2000/01/08","05:00","1.973","-","1.49"
"2000/01/08","06:00","2.9","-","2.48"
"2000/01/08","07:00","3.552","-","3.01"
"2000/01/08","08:00","3.844","-","3.33"
"2000/01/08","09:00","3.796","-","3.15"
"2000/01/08","10:00","3.514","-","2.93"
"2000/01/08","11:00","3.159","-","2.69"
"2000/01/08","12:00","2.903","-","2.34"
"2000/01/08","13:00","2.884","-","2.38"
"2000/01/08","14:00","3.165","-","2.59"
"2000/01/08","15:00","3.718","-","3.21"
"2000/01/08","16:00","4.415","-","4.03"
"2000/01/08","17:00","5.07","-","4.6"
"2000/01/08","18:00","5.481","-","5"
"2000/01/08","19:00","5.492","-","4.99"
"2000/01/08","20:00","5.035","-","4.53"
"2000/01/08","21:00","4.146","-","3.62"
"2000/01/08","22:00","2.96","-","2.44"
"2000/01/08","23:00","1.683","-","1.05"
"2000/01/09","00:00","0.55","-","-0.01"
"2000/01/09","01:00","-0.225","-","-0.78"
"2000/01/09","02:00","-0.498","-","-1.05"
"2000/01/09","03:00","-0.239","-","-0.64"
"2000/01/09","04:00","0.465","-","0.01"
"2000/01/09","05:00","1.43","-","0.98"
"2000/01/09","06:00","2.428","-","1.99"
"2000/01/09","07:00","3.25","-","2.67"
"2000/01/09","08:00","3.756","-","3.28"
"2000/01/09","09:00","3.904","-","3.42"
"2000/01/09","10:00","3.748","-","3.22"
"2000/01/09","11:00","3.415","-","2.87"
"2000/01/09","12:00","3.07","-","2.46"
"2000/01/09","13:00","2.874","-","2.4"
"2000/01/09","14:00","2.94","-","2.38"
"2000/01/09","15:00","3.298","-","2.76"
"2000/01/09","16:00","3.879","-","3.38"
"2000/01/09","17:00","4.535","-","4.06"
"2000/01/09","18:00","5.074","-","4.64"
"2000/01/09","19:00","5.318","-","4.76"
"2000/01/09","20:00","5.152","-","4.65"
"2000/01/09","21:00","4.551","-","4.16"
"2000/01/09","22:00","3.585","-","2.87"
"2000/01/09","23:00","2.409","-","1.58"
"2000/01/10","00:00","1.233","-","0.63"
"2000/01/10","01:00","0.279","-","-0.28"
"2000/01/10","02:00","-0.269","-","-0.97"
"2000/01/10","03:00","-0.31","-","-0.92"
"2000/01/10","04:00","0.14","-","-0.51"
"2000/01/10","05:00","0.955","-","0.54"
"2000/01/10","06:00","1.936","-","1.42"
"2000/01/10","07:00","2.865","-","2.47"
"2000/01/10","08:00","3.561","-","3.05"
"2000/01/10","09:00","3.924","-","3.37"
"2000/01/10","10:00","3.946","-","3.45"
"2000/01/10","11:00","3.703","-","3.1"
"2000/01/10","12:00","3.334","-","2.71"
"2000/01/10","13:00","3.004","-","2.53"
"2000/01/10","14:00","2.856","-","2.21"
"2000/01/10","15:00","2.976","-","2.43"
"2000/01/10","16:00","3.362","-","2.9"
"2000/01/10","17:00","3.92","-","3.53"
"2000/01/10","18:00","4.491","-","4.03"
"2000/01/10","19:00","4.899","-","4.42"
"2000/01/10","20:00","4.997","-","4.58"
"2000/01/10","21:00","4.706","-","4.23"
"2000/01/10","22:00","4.031","-","3.52"
"2000/01/10","23:00","3.065","-","2.46"
"2000/01/11","00:00","1.969","-","1.38"
"2000/01/11","01:00","0.948","-","0.44"
"2000/01/11","02:00","0.201","-","-0.41"
"2000/01/11","03:00","-0.121","-","-0.65"
"2000/01/11","04:00","0.038","-","-0.37"
"2000/01/11","05:00","0.627","-","0.18"
"2000/01/11","06:00","1.496","-","1"
"2000/01/11","07:00","2.448","-","2.08"
"2000/01/11","08:00","3.284","-","2.88"
"2000/01/11","09:00","3.853","-","3.49"
"2000/01/11","10:00","4.086","-","3.71"
"2000/01/11","11:00","3.996","-","3.52"
"2000/01/11","12:00","3.677","-","3.21"
"2000/01/11","13:00","3.271","-","2.87"
"2000/01/11","14:00","2.938","-","2.56"
"2000/01/11","15:00","2.804","-","2.31"
"2000/01/11","16:00","2.93","-","2.56"
"2000/01/11","17:00","3.292","-","3.01"
"2000/01/11","18:00","3.784","-","3.39"
"2000/01/11","19:00","4.258","-","3.9"
"2000/01/11","20:00","4.557","-","4.26"
"2000/01/11","21:00","4.563","-","4.3"
"2000/01/11","22:00","4.22","-","3.89"
"2000/01/11","23:00","3.551","-","3.09"
"2000/01/12","00:00","2.657","-","2.35"
"2000/01/12","01:00","1.697","-","1.34"
"2000/01/12","02:00","0.861","-","0.43"
"2000/01/12","03:00","0.323","-","-0.13"
"2000/01/12","04:00","0.198","-","-0.27"
"2000/01/12","05:00","0.508","-","0.18"
"2000/01/12","06:00","1.18","-","0.74"
"2000/01/12","07:00","2.06","-","1.67"
"2000/01/12","08:00","2.96","-","2.67"
"2000/01/12","09:00","3.701","-","3.37"
"2000/01/12","10:00","4.154","-","3.75"
"2000/01/12","11:00","4.267","-","3.91"
"2000/01/12","12:00","4.071","-","3.57"
"2000/01/12","13:00","3.668","-","3.3"
"2000/01/12","14:00","3.203","-","2.7"
"2000/01/12","15:00","2.829","-","2.33"
"2000/01/12","16:00","2.657","-","2.19"
"2000/01/12","17:00","2.735","-","2.27"
"2000/01/12","18:00","3.031","-","2.74"
"2000/01/12","19:00","3.447","-","3.07"
"2000/01/12","20:00","3.846","-","3.4"
"2000/01/12","21:00","4.093","-","3.63"
"2000/01/12","22:00","4.083","-","3.69"
"2000/01/12","23:00","3.77","-","3.3"
"2000/01/13","00:00","3.182","-","2.74"
"2000/01/13","01:00","2.416","-","2.02"
"2000/01/13","02:00","1.622","-","1.08"
"2000/01/13","03:00","0.972","-","0.52"
"2000/01/13","04:00","0.614","-","0.07"
"2000/01/13","05:00","0.638","-","0.17"
"2000/01/13","06:00","1.047","-","0.64"
"2000/01/13","07:00","1.76","-","1.18"
"2000/01/13","08:00","2.63","-","2.13"
"2000/01/13","09:00","3.477","-","3.02"
"2000/01/13","10:00","4.134","-","3.7"
"2000/01/13","11:00","4.484","-","4.09"
"2000/01/13","12:00","4.483","-","4.08"
"2000/01/13","13:00","4.172","-","3.81"
"2000/01/13","14:00","3.66","-","3.27"
"2000/01/13","15:00","3.095","-","2.73"
"2000/01/13","16:00","2.626","-","2.36"
"2000/01/13","17:00","2.361","-","2"
"2000/01/13","18:00","2.349","-","1.95"
"2000/01/13","19:00","2.566","-","2.3"
"2000/01/13","20:00","2.927","-","2.54"
"2000/01/13","21:00","3.309","-","2.96"
"2000/01/13","22:00","3.581","-","3.18"
"2000/01/13","23:00","3.637","-","3.26"
"2000/01/14","00:00","3.429","-","2.93"
"2000/01/14","01:00","2.975","-","2.65"
"2000/01/14","02:00","2.365","-","1.93"
"2000/01/14","03:00","1.736","-","1.32"
"2000/01/14","04:00","1.242","-","0.85"
"2000/01/14","05:00","1.015","-","0.55"
"2000/01/14","06:00","1.134","-","0.67"
"2000/01/14","07:00","1.6","-","1.16"
"2000/01/14","08:00","2.334","-","1.95"
"2000/01/14","09:00","3.194","-","2.83"
"2000/01/14","10:00","4.003","-","3.67"
"2000/01/14","11:00","4.594","-","4.24"
"2000/01/14","12:00","4.849","-","4.46"
"2000/01/14","13:00","4.73","-","4.41"
"2000/01/14","14:00","4.284","-","3.95"
"2000/01/14","15:00","3.625","-","3.21"
"2000/01/14","16:00","2.908","-","2.64"
"2000/01/14","17:00","2.289","-","2.08"
"2000/01/14","18:00","1.889","-","1.75"
"2000/01/14","19:00","1.772","-","1.47"
"2000/01/14","20:00","1.93","-","1.7"
"2000/01/14","21:00","2.29","-","2.04"
"2000/01/14","22:00","2.728","-","2.4"
"2000/01/14","23:00","3.103","-","2.8"
"2000/01/15","00:00","3.297","-","2.98"
"2000/01/15","01:00","3.243","-","2.85"
"2000/01/15","02:00","2.948","-","2.62"
"2000/01/15","03:00","2.488","-","2.03"
"2000/01/15","04:00","1.99","-","1.62"
"2000/01/15","05:00","1.6","-","1.3"
"2000/01/15","06:00","1.448","-","1.02"
"2000/01/15","07:00","1.619","-","1.26"
"2000/01/15","08:00","2.12","-","1.66"
"2000/01/15","09:00","2.877","-","2.51"
"2000/01/15","10:00","3.744","-","3.42"
"2000/01/15","11:00","4.536","-","4.23"
"2000/01/15","12:00","5.077","-","4.91"
"2000/01/15","13:00","5.242","-","5.08"
"2000/01/15","14:00","4.993","-","4.94"
"2000/01/15","15:00","4.381","-","4.47"
"2000/01/15","16:00","3.531","-","3.4"
"2000/01/15","17:00","2.615","-","2.51"
"2000/01/15","18:00","1.808","-","1.9"
"2000/01/15","19:00","1.259","-","1.4"
"2000/01/15","20:00","1.055","-","1.07"
"2000/01/15","21:00","1.202","-","1.26"
"2000/01/15","22:00","1.627","-","1.73"
"2000/01/15","23:00","2.192","-","2.28"
"2000/01/16","00:00","2.734","-","2.82"
"2000/01/16","01:00","3.108","-","3.26"
"2000/01/16","02:00","3.227","-","3.29"
"2000/01/16","03:00","3.078","-","3.04"
"2000/01/16","04:00","2.73","-","2.66"
"2000/01/16","05:00","2.306","-","2.21"
"2000/01/16","06:00","1.961","-","2"
"2000/01/16","07:00","1.839","-","1.96"
"2000/01/16","08:00","2.037","-","2.16"
"2000/01/16","09:00","2.573","-","2.67"
"2000/01/16","10:00","3.369","-","3.5"
"2000/01/16","11:00","4.266","-","4.28"
"2000/01/16","12:00","5.063","-","5.1"
"2000/01/16","13:00","5.565","-","5.43"
"2000/01/16","14:00","5.637","-","5.51"
"2000/01/16","15:00","5.239","-","5.14"
"2000/01/16","16:00","4.43","-","4.43"
"2000/01/16","17:00","3.355","-","3.22"
"2000/01/16","18:00","2.211","-","2.2"
"2000/01/16","19:00","1.211","-","1.12"
"2000/01/16","20:00","0.533","-","0.47"
"2000/01/16","21:00","0.287","-","0.24"
"2000/01/16","22:00","0.484","-","0.31"
"2000/01/16","23:00","1.037","-","0.88"
"2000/01/17","00:00","1.783","-","1.51"
"2000/01/17","01:00","2.524","-","2.33"
"2000/01/17","02:00","3.086","-","2.9"
"2000/01/17","03:00","3.356","-","3.15"
"2000/01/17","04:00","3.31","-","2.94"
"2000/01/17","05:00","3.012","-","2.74"
"2000/01/17","06:00","2.602","-","2.24"
"2000/01/17","07:00","2.253","-","2.04"
"2000/01/17","08:00","2.134","-","2.08"
"2000/01/17","09:00","2.356","-","2.12"
"2000/01/17","10:00","2.94","-","2.82"
"2000/01/17","11:00","3.796","-","3.6"
"2000/01/17","12:00","4.746","-","4.56"
"2000/01/17","13:00","5.561","-","5.46"
"2000/01/17","14:00","6.027","-","5.91"
"2000/01/17","15:00","5.996","-","5.85"
"2000/01/17","16:00","5.429","-","5.28"
"2000/01/17","17:00","4.401","-","4.16"
"2000/01/17","18:00","3.086","-","3.06"
"2000/01/17","19:00","1.721","-","1.59"
"2000/01/17","20:00","0.557","-","0.6"
"2000/01/17","21:00","-0.2","-","-0.33"
"2000/01/17","22:00","-0.428","-","-0.59"
"2000/01/17","23:00","-0.123","-","-0.16"
"2000/01/18","00:00","0.604","-","0.52"
"2000/01/18","01:00","1.553","-","1.6"
"2000/01/18","02:00","2.492","-","2.3"
"2000/01/18","03:00","3.213","-","3.06"
"2000/01/18","04:00","3.582","-","3.51"
"2000/01/18","05:00","3.571","-","3.4"
"2000/01/18","06:00","3.26","-","3.07"
"2000/01/18","07:00","2.813","-","2.61"
"2000/01/18","08:00","2.433","-","2.27"
"2000/01/18","09:00","2.31","-","2.3"
"2000/01/18","10:00","2.567","-","2.51"
"2000/01/18","11:00","3.216","-","3.19"
"2000/01/18","12:00","4.15","-","4.22"
"2000/01/18","13:00","5.162","-","5.23"
"2000/01/18","14:00","5.997","-","6.1"
"2000/01/18","15:00","6.417","-","6.46"
"2000/01/18","16:00","6.268","-","6.26"
"2000/01/18","17:00","5.518","-","5.6"
"2000/01/18","18:00","4.269","-","4.23"
"2000/01/18","19:00","2.734","-","2.84"
"2000/01/18","20:00","1.191","-","1.37"
"2000/01/18","21:00","-0.078","-","-0.18"
"2000/01/18","22:00","-0.846","-","-0.89"
"2000/01/18","23:00","-0.994","-","-0.99"
"2000/01/19","00:00","-0.537","-","-0.47"
"2000/01/19","01:00","0.383","-","0.42"
"2000/01/19","02:00","1.528","-","1.5"
"2000/01/19","03:00","2.626","-","2.51"
"2000/01/19","04:00","3.445","-","3.34"
"2000/01/19","05:00","3.841","-","3.64"
"2000/01/19","06:00","3.798","-","3.61"
"2000/01/19","07:00","3.422","-","3.21"
"2000/01/19","08:00","2.91","-","2.69"
"2000/01/19","09:00","2.493","-","2.35"
"2000/01/19","10:00","2.376","-","2.28"
"2000/01/19","11:00","2.68","-","2.6"
"2000/01/19","12:00","3.407","-","3.36"
"2000/01/19","13:00","4.422","-","4.4"
"2000/01/19","14:00","5.491","-","5.43"
"2000/01/19","15:00","6.33","-","6.28"
"2000/01/19","16:00","6.684","-","6.58"
"2000/01/19","17:00","6.401","-","6.35"
"2000/01/19","18:00","5.47","-","5.39"
"2000/01/19","19:00","4.027","-","4.01"
"2000/01/19","20:00","2.326","-","2.25"
"2000/01/19","21:00","0.678","-","0.63"
"2000/01/19","22:00","-0.615","-","-0.67"
"2000/01/19","23:00","-1.324","-","-1.39"
"2000/01/20","00:00","-1.341","-","-1.36"
"2000/01/20","01:00","-0.707","-","-0.74"
"2000/01/20","02:00","0.397","-","0.28"
"2000/01/20","03:00","1.696","-","1.59"
"2000/01/20","04:00","2.888","-","2.69"
"2000/01/20","05:00","3.727","-","3.61"
"2000/01/20","06:00","4.078","-","3.89"
"2000/01/20","07:00","3.95","-","3.78"
"2000/01/20","08:00","3.483","-","3.36"
"2000/01/20","09:00","2.902","-","2.79"
"2000/01/20","10:00","2.456","-","2.39"
"2000/01/20","11:00","2.358","-","2.32"
"2000/01/20","12:00","2.721","-","2.74"
"2000/01/20","13:00","3.524","-","3.57"
"2000/01/20","14:00","4.607","-","4.59"
"2000/01/20","15:00","5.705","-","5.67"
"2000/01/20","16:00","6.514","-","6.49"
"2000/01/20","17:00","6.776","-","6.78"
"2000/01/20","18:00","6.352","-","6.38"
"2000/01/20","19:00","5.265","-","5.18"
"2000/01/20","20:00","3.686","-","3.64"
"2000/01/20","21:00","1.901","-","1.9"
"2000/01/20","22:00","0.239","-","0.19"
"2000/01/20","23:00","-0.994","-","-1.06"
"2000/01/21","00:00","-1.577","-","-1.68"
"2000/01/21","01:00","-1.426","-","-1.52"
"2000/01/21","02:00","-0.617","-","-0.8"
"2000/01/21","03:00","0.634","-","0.47"
"2000/01/21","04:00","2.021","-","1.86"
"2000/01/21","05:00","3.226","-","2.99"
"2000/01/21","06:00","4.008","-","3.72"
"2000/01/21","07:00","4.259","-","4.07"
"2000/01/21","08:00","4.019","-","3.9"
"2000/01/21","09:00","3.458","-","3.36"
"2000/01/21","10:00","2.82","-","2.69"
"2000/01/21","11:00","2.365","-","2.29"
"2000/01/21","12:00","2.297","-","2.15"
"2000/01/21","13:00","2.716","-","2.57"
"2000/01/21","14:00","3.577","-","3.38"
"2000/01/21","15:00","4.692","-","4.48"
"2000/01/21","16:00","5.772","-","5.63"
"2000/01/21","17:00","6.507","-","6.4"
"2000/01/21","18:00","6.654","-","6.56"
"2000/01/21","19:00","6.103","-","6.01"
"2000/01/21","20:00","4.909","-","4.83"
"2000/01/21","21:00","3.276","-","3.17"
"2000/01/21","22:00","1.504","-","1.42"
"2000/01/21","23:00","-0.076","-","-0.26"
"2000/01/22","00:00","-1.168","-","-1.34"
"2000/01/22","01:00","-1.575","-","-1.79"
"2000/01/22","02:00","-1.244","-","-1.49"
"2000/01/22","03:00","-0.286","-","-0.53"
"2000/01/22","04:00","1.051","-","0.8"
"2000/01/22","05:00","2.445","-","2.19"
"2000/01/22","06:00","3.585","-","3.28"
"2000/01/22","07:00","4.254","-","3.99"
"2000/01/22","08:00","4.375","-","4.14"
"2000/01/22","09:00","4.021","-","3.77"
"2000/01/22","10:00","3.381","-","3.11"
"2000/01/22","11:00","2.71","-","2.49"
"2000/01/22","12:00","2.261","-","2.11"
"2000/01/22","13:00","2.228","-","2.12"
"2000/01/22","14:00","2.687","-","2.55"
"2000/01/22","15:00","3.566","-","3.41"
"2000/01/22","16:00","4.656","-","4.51"
"2000/01/22","17:00","5.66","-","5.53"
"2000/01/22","18:00","6.283","-","6.29"
"2000/01/22","19:00","6.309","-","6.33"
"2000/01/22","20:00","5.666","-","5.64"
"2000/01/22","21:00","4.439","-","4.36"
"2000/01/22","22:00","2.845","-","2.79"
"2000/01/22","23:00","1.184","-","1.14"
"2000/01/23","00:00","-0.227","-","-0.2"
"2000/01/23","01:00","-1.115","-","-1.22"
"2000/01/23","02:00","-1.318","-","-1.46"
"2000/01/23","03:00","-0.82","-","-1.03"
"2000/01/23","04:00","0.236","-","0.02"
"2000/01/23","05:00","1.584","-","1.43"
"2000/01/23","06:00","2.908","-","2.8"
"2000/01/23","07:00","3.923","-","3.8"
"2000/01/23","08:00","4.446","-","4.34"
"2000/01/23","09:00","4.435","-","4.37"
"2000/01/23","10:00","3.985","-","3.96"
"2000/01/23","11:00","3.292","-","3.29"
"2000/01/23","12:00","2.61","-","2.63"
"2000/01/23","13:00","2.179","-","2.16"
"2000/01/23","14:00","2.171","-","2.11"
"2000/01/23","15:00","2.635","-","2.68"
"2000/01/23","16:00","3.477","-","3.46"
"2000/01/23","17:00","4.478","-","4.55"
"2000/01/23","18:00","5.356","-","5.44"
"2000/01/23","19:00","5.846","-","5.96"
"2000/01/23","20:00","5.772","-","5.85"
"2000/01/23","21:00","5.094","-","5.19"
"2000/01/23","22:00","3.916","-","3.98"
"2000/01/23","23:00","2.452","-","2.48"
"2000/01/24","00:00","0.988","-","0.95"
"2000/01/24","01:00","-0.186","-","-0.13"
"2000/01/24","02:00","-0.835","-","-0.78"
"2000/01/24","03:00","-0.837","-","-0.92"
"2000/01/24","04:00","-0.213","-","-0.31"
"2000/01/24","05:00","0.874","-","0.86"
"2000/01/24","06:00","2.161","-","2.15"
"2000/01/24","07:00","3.356","-","3.35"
"2000/01/24","08:00","4.212","-","4.38"
"2000/01/24","09:00","4.585","-","4.63"
"2000/01/24","10:00","4.459","-","4.61"
"2000/01/24","11:00","3.937","-","4.07"
"2000/01/24","12:00","3.219","-","3.32"
"2000/01/24","13:00","2.542","-","2.6"
"2000/01/24","14:00","2.128","-","2.19"
"2000/01/24","15:00","2.12","-","2.23"
"2000/01/24","16:00","2.541","-","2.67"
"2000/01/24","17:00","3.287","-","3.45"
"2000/01/24","18:00","4.148","-","4.39"
"2000/01/24","19:00","4.874","-","5.19"
"2000/01/24","20:00","5.24","-","5.55"
"2000/01/24","21:00","5.11","-","5.38"
"2000/01/24","22:00","4.467","-","4.72"
"2000/01/24","23:00","3.416","-","3.54"
"2000/01/25","00:00","2.161","-","2.26"
"2000/01/25","01:00","0.956","-","1.11"
"2000/01/25","02:00","0.053","-","0.14"
"2000/01/25","03:00","-0.356","-","-0.34"
"2000/01/25","04:00","-0.192","-","-0.1"
"2000/01/25","05:00","0.498","-","0.56"
"2000/01/25","06:00","1.547","-","1.67"
"2000/01/25","07:00","2.716","-","2.79"
"2000/01/25","08:00","3.75","-","3.88"
"2000/01/25","09:00","4.444","-","4.67"
"2000/01/25","10:00","4.682","-","4.92"
"2000/01/25","11:00","4.464","-","4.68"
"2000/01/25","12:00","3.898","-","4.05"
"2000/01/25","13:00","3.173","-","3.31"
"2000/01/25","14:00","2.506","-","2.66"
"2000/01/25","15:00","2.092","-","2.16"
"2000/01/25","16:00","2.046","-","2.14"
"2000/01/25","17:00","2.376","-","2.51"
"2000/01/25","18:00","2.98","-","3.05"
"2000/01/25","19:00","3.679","-","3.8"
"2000/01/25","20:00","4.261","-","4.41"
"2000/01/25","21:00","4.544","-","4.65"
"2000/01/25","22:00","4.419","-","4.51"
"2000/01/25","23:00","3.878","-","3.91"
"2000/01/26","00:00","3.019","-","3.04"
"2000/01/26","01:00","2.021","-","2.01"
"2000/01/26","02:00","1.1","-","1.06"
"2000/01/26","03:00","0.465","-","0.43"
"2000/01/26","04:00","0.259","-","0.23"
"2000/01/26","05:00","0.532","-","0.44"
"2000/01/26","06:00","1.223","-","1.15"
"2000/01/26","07:00","2.183","-","2.17"
"2000/01/26","08:00","3.206","-","3.18"
"2000/01/26","09:00","4.077","-","4.06"
"2000/01/26","10:00","4.622","-","4.59"
"2000/01/26","11:00","4.749","-","4.63"
"2000/01/26","12:00","4.464","-","4.31"
"2000/01/26","13:00","3.872","-","3.73"
"2000/01/26","14:00","3.144","-","2.98"
"2000/01/26","15:00","2.476","-","2.38"
"2000/01/26","16:00","2.032","-","1.88"
"2000/01/26","17:00","1.909","-","1.78"
"2000/01/26","18:00","2.115","-","2"
"2000/01/26","19:00","2.566","-","2.53"
"2000/01/26","20:00","3.118","-","3.11"
"2000/01/26","21:00","3.599","-","3.45"
"2000/01/26","22:00","3.857","-","3.66"
"2000/01/26","23:00","3.799","-","3.62"
"2000/01/27","00:00","3.414","-","3.21"
"2000/01/27","01:00","2.784","-","2.57"
"2000/01/27","02:00","2.054","-","1.8"
"2000/01/27","03:00","1.402","-","1.13"
"2000/01/27","04:00","0.991","-","0.73"
"2000/01/27","05:00","0.927","-","0.68"
"2000/01/27","06:00","1.244","-","1.02"
"2000/01/27","07:00","1.888","-","1.79"
"2000/01/27","08:00","2.735","-","2.59"
"2000/01/27","09:00","3.613","-","3.47"
"2000/01/27","10:00","4.339","-","4.14"
"2000/01/27","11:00","4.762","-","4.61"
"2000/01/27","12:00","4.801","-","4.55"
"2000/01/27","13:00","4.465","-","4.23"
"2000/01/27","14:00","3.848","-","3.51"
"2000/01/27","15:00","3.106","-","2.79"
"2000/01/27","16:00","2.408","-","2.12"
"2000/01/27","17:00","1.902","-","1.63"
"2000/01/27","18:00","1.679","-","1.47"
"2000/01/27","19:00","1.757","-","1.59"
"2000/01/27","20:00","2.082","-","1.94"
"2000/01/27","21:00","2.538","-","2.41"
"2000/01/27","22:00","2.983","-","2.82"
"2000/01/27","23:00","3.279","-","3.17"
"2000/01/28","00:00","3.335","-","3.11"
"2000/01/28","01:00","3.133","-","2.89"
"2000/01/28","02:00","2.731","-","2.58"
"2000/01/28","03:00","2.241","-","1.98"
"2000/01/28","04:00","1.803","-","1.52"
"2000/01/28","05:00","1.546","-","1.3"
"2000/01/28","06:00","1.557","-","1.32"
"2000/01/28","07:00","1.869","-","1.63"
"2000/01/28","08:00","2.445","-","2.25"
"2000/01/28","09:00","3.186","-","3.1"
"2000/01/28","10:00","3.943","-","3.83"
"2000/01/28","11:00","4.554","-","4.4"
"2000/01/28","12:00","4.881","-","4.78"
"2000/01/28","13:00","4.847","-","4.75"
"2000/01/28","14:00","4.46","-","4.38"
"2000/01/28","15:00","3.803","-","3.68"
"2000/01/28","16:00","3.017","-","2.86"
"2000/01/28","17:00","2.259","-","2.22"
"2000/01/28","18:00","1.67","-","1.63"
"2000/01/28","19:00","1.35","-","1.33"
"2000/01/28","20:00","1.335","-","1.35"
"2000/01/28","21:00","1.592","-","1.59"
"2000/01/28","22:00","2.024","-","1.97"
"2000/01/28","23:00","2.499","-","2.44"
"2000/01/29","00:00","2.882","-","2.92"
"2000/01/29","01:00","3.077","-","3.16"
"2000/01/29","02:00","3.05","-","2.99"
"2000/01/29","03:00","2.835","-","2.75"
"2000/01/29","04:00","2.52","-","2.36"
"2000/01/29","05:00","2.218","-","2.09"
"2000/01/29","06:00","2.042","-","1.84"
"2000/01/29","07:00","2.077","-","1.91"
"2000/01/29","08:00","2.364","-","2.15"
"2000/01/29","09:00","2.882","-","2.73"
"2000/01/29","10:00","3.547","-","3.5"
"2000/01/29","11:00","4.221","-","4.17"
"2000/01/29","12:00","4.748","-","4.7"
"2000/01/29","13:00","4.995","-","5.03"
"2000/01/29","14:00","4.888","-","4.92"
"2000/01/29","15:00","4.431","-","4.43"
"2000/01/29","16:00","3.703","-","3.75"
"2000/01/29","17:00","2.838","-","2.9"
"2000/01/29","18:00","1.997","-","2.05"
"2000/01/29","19:00","1.33","-","1.44"
"2000/01/29","20:00","0.949","-","1.09"
"2000/01/29","21:00","0.904","-","0.91"
"2000/01/29","22:00","1.17","-","1.22"
"2000/01/29","23:00","1.651","-","1.78"
"2000/01/30","00:00","2.21","-","2.31"
"2000/01/30","01:00","2.704","-","2.82"
"2000/01/30","02:00","3.026","-","3.02"
"2000/01/30","03:00","3.13","-","3.18"
"2000/01/30","04:00","3.033","-","3"
"2000/01/30","05:00","2.808","-","2.72"
"2000/01/30","06:00","2.564","-","2.63"
"2000/01/30","07:00","2.413","-","2.34"
"2000/01/30","08:00","2.45","-","2.42"
"2000/01/30","09:00","2.724","-","2.88"
"2000/01/30","10:00","3.219","-","3.26"
"2000/01/30","11:00","3.849","-","3.88"
"2000/01/30","12:00","4.476","-","4.62"
"2000/01/30","13:00","4.941","-","5.21"
"2000/01/30","14:00","5.11","-","5.32"
"2000/01/30","15:00","4.911","-","5.07"
"2000/01/30","16:00","4.349","-","4.54"
"2000/01/30","17:00","3.511","-","3.71"
"2000/01/30","18:00","2.543","-","2.88"
"2000/01/30","19:00","1.62","-","1.81"
"2000/01/30","20:00","0.908","-","1.12"
"2000/01/30","21:00","0.529","-","0.58"
"2000/01/30","22:00","0.532","-","0.67"
"2000/01/30","23:00","0.882","-","0.9"
"2000/01/31","00:00","1.468","-","1.54"
"2000/01/31","01:00","2.137","-","2.29"
"2000/01/31","02:00","2.734","-","2.78"
"2000/01/31","03:00","3.141","-","2.95"
"2000/01/31","04:00","3.303","-","3.26"
"2000/01/31","05:00","3.237","-","3.06"
"2000/01/31","06:00","3.024","-","2.69"
"2000/01/31","07:00","2.779","-","2.61"
"2000/01/31","08:00","2.632","-","2.57"
"2000/01/31","09:00","2.682","-","2.64"
"2000/01/31","10:00","2.978","-","2.78"
"2000/01/31","11:00","3.494","-","3.36"
"2000/01/31","12:00","4.13","-","4.27"
"2000/01/31","13:00","4.734","-","4.87"
"2000/01/31","14:00","5.14","-","4.88"
"2000/01/31","15:00","5.213","-","5.11"
"2000/01/31","16:00","4.885","-","4.98"
"2000/01/31","17:00","4.179","-","3.87"
"2000/01/31","18:00","3.203","-","2.98"
"2000/01/31","19:00","2.129","-","2.28"
"2000/01/31","20:00","1.154","-","1.2"
"2000/01/31","21:00","0.456","-","-0.12"
"2000/01/31","22:00","0.154","-","-0.16"
"2000/01/31","23:00","0.279","-","0.15"
"2000/02/01","00:00","0.77","-","0.53"
"2000/02/01","01:00","1.491","-","1.33"
"2000/02/01","02:00","2.266","-","1.98"
"2000/02/01","03:00","2.925","-","2.78"
"2000/02/01","04:00","3.347","-","3.1"
"2000/02/01","05:00","3.485","-","3.02"
"2000/02/01","06:00","3.373","-","3.11"
"2000/02/01","07:00","3.115","-","2.87"
"2000/02/01","08:00","2.849","-","2.63"
"2000/02/01","09:00","2.714","-","2.38"
"2000/02/01","10:00","2.812","-","2.35"
"2000/02/01","11:00","3.174","-","2.92"
"2000/02/01","12:00","3.751","-","3.58"
"2000/02/01","13:00","4.418","-","4.15"
"2000/02/01","14:00","5.003","-","4.74"
"2000/02/01","15:00","5.331","-","5.11"
"2000/02/01","16:00","5.271","-","4.94"
"2000/02/01","17:00","4.774","-","4.49"
"2000/02/01","18:00","3.893","-","3.63"
"2000/02/01","19:00","2.773","-","2.66"
"2000/02/01","20:00","1.619","-","1.32"
"2000/02/01","21:00","0.647","-","0.34"
"2000/02/01","22:00","0.035","-","-0.25"
"2000/02/01","23:00","-0.119","-","-0.29"
"2000/02/02","00:00","0.186","-","-0.13"
"2000/02/02","01:00","0.851","-","0.66"
"2000/02/02","02:00","1.704","-","1.52"
"2000/02/02","03:00","2.548","-","2.37"
"2000/02/02","04:00","3.205","-","2.97"
"2000/02/02","05:00","3.564","-","3.35"
"2000/02/02","06:00","3.604","-","3.47"
"2000/02/02","07:00","3.395","-","3.22"
"2000/02/02","08:00","3.072","-","2.92"
"2000/02/02","09:00","2.796","-","2.57"
"2000/02/02","10:00","2.708","-","2.5"
"2000/02/02","11:00","2.896","-","2.87"
"2000/02/02","12:00","3.363","-","3.06"
"2000/02/02","13:00","4.024","-","3.8"
"2000/02/02","14:00","4.723","-","4.81"
"2000/02/02","15:00","5.268","-","5.03"
"2000/02/02","16:00","5.478","-","5.48"
"2000/02/02","17:00","5.24","-","5.24"
"2000/02/02","18:00","4.54","-","4.38"
"2000/02/02","19:00","3.478","-","3.64"
"2000/02/02","20:00","2.239","-","2.32"
"2000/02/02","21:00","1.059","-","0.99"
"2000/02/02","22:00","0.16","-","0.22"
"2000/02/02","23:00","-0.295","-","-0.1"
"2000/02/03","00:00","-0.241","-","-0.08"
"2000/02/03","01:00","0.276","-","0.37"
"2000/02/03","02:00","1.114","-","1.3"
"2000/02/03","03:00","2.065","-","2.16"
"2000/02/03","04:00","2.916","-","3.04"
"2000/02/03","05:00","3.496","-","3.62"
"2000/02/03","06:00","3.724","-","3.86"
"2000/02/03","07:00","3.62","-","3.64"
"2000/02/03","08:00","3.299","-","3.32"
"2000/02/03","09:00","2.925","-","3.02"
"2000/02/03","10:00","2.672","-","2.75"
"2000/02/03","11:00","2.674","-","2.77"
"2000/02/03","12:00","2.988","-","3.22"
"2000/02/03","13:00","3.579","-","3.79"
"2000/02/03","14:00","4.322","-","4.42"
"2000/02/03","15:00","5.027","-","5.26"
"2000/02/03","16:00","5.485","-","5.87"
"2000/02/03","17:00","5.528","-","5.86"
"2000/02/03","18:00","5.076","-","5.37"
"2000/02/03","19:00","4.165","-","4.5"
"2000/02/03","20:00","2.946","-","3.03"
"2000/02/03","21:00","1.644","-","1.8"
"2000/02/03","22:00","0.509","-","0.8"
"2000/02/03","23:00","-0.243","-","-0.05"
"2000/02/04","00:00","-0.48","-","-0.37"
"2000/02/04","01:00","-0.183","-","-0.13"
"2000/02/04","02:00","0.55","-","0.67"
"2000/02/04","03:00","1.528","-","1.64"
"2000/02/04","04:00","2.517","-","2.63"
"2000/02/04","05:00","3.301","-","3.36"
"2000/02/04","06:00","3.737","-","3.7"
"2000/02/04","07:00","3.789","-","3.78"
"2000/02/04","08:00","3.529","-","3.59"
"2000/02/04","09:00","3.111","-","3.14"
"2000/02/04","10:00","2.722","-","2.84"
"2000/02/04","11:00","2.535","-","2.6"
"2000/02/04","12:00","2.661","-","2.69"
"2000/02/04","13:00","3.12","-","3.25"
"2000/02/04","14:00","3.831","-","4"
"2000/02/04","15:00","4.625","-","4.61"
"2000/02/04","16:00","5.283","-","5.31"
"2000/02/04","17:00","5.6","-","5.62"
"2000/02/04","18:00","5.434","-","5.45"
"2000/02/04","19:00","4.756","-","4.66"
"2000/02/04","20:00","3.659","-","3.62"
"2000/02/04","21:00","2.34","-","2.36"
"2000/02/04","22:00","1.049","-","0.98"
"2000/02/04","23:00","0.038","-","-0.13"
"2000/02/05","00:00","-0.501","-","-0.47"
"2000/02/05","01:00","-0.479","-","-0.3"
"2000/02/05","02:00","0.068","-","0.14"
"2000/02/05","03:00","0.986","-","1.06"
"2000/02/05","04:00","2.045","-","2.15"
"2000/02/05","05:00","2.997","-","3.02"
"2000/02/05","06:00","3.645","-","3.69"
"2000/02/05","07:00","3.891","-","3.85"
"2000/02/05","08:00","3.754","-","3.88"
"2000/02/05","09:00","3.354","-","3.54"
"2000/02/05","10:00","2.876","-","2.78"
"2000/02/05","11:00","2.514","-","2.48"
"2000/02/05","12:00","2.429","-","2.4"
"2000/02/05","13:00","2.698","-","2.82"
"2000/02/05","14:00","3.296","-","3.42"
"2000/02/05","15:00","4.092","-","4.2"
"2000/02/05","16:00","4.88","-","4.94"
"2000/02/05","17:00","5.432","-","5.64"
"2000/02/05","18:00","5.56","-","5.62"
"2000/02/05","19:00","5.17","-","5.25"
"2000/02/05","20:00","4.291","-","4.39"
"2000/02/05","21:00","3.066","-","3.04"
"2000/02/05","22:00","1.726","-","1.75"
"2000/02/05","23:00","0.531","-","0.56"
"2000/02/06","00:00","-0.283","-","-0.28"
"2000/02/06","01:00","-0.561","-","-0.53"
"2000/02/06","02:00","-0.268","-","-0.3"
"2000/02/06","03:00","0.503","-","0.5"
"2000/02/06","04:00","1.546","-","1.59"
"2000/02/06","05:00","2.607","-","2.4"
"2000/02/06","06:00","3.448","-","3.23"
"2000/02/06","07:00","3.91","-","3.54"
"2000/02/06","08:00","3.949","-","3.75"
"2000/02/06","09:00","3.636","-","3.71"
"2000/02/06","10:00","3.131","-","3.02"
"2000/02/06","11:00","2.634","-","2.47"
"2000/02/06","12:00","2.337","-","2.27"
"2000/02/06","13:00","2.372","-","2.36"
"2000/02/06","14:00","2.779","-","2.74"
"2000/02/06","15:00","3.481","-","3.44"
"2000/02/06","16:00","4.305","-","4.28"
"2000/02/06","17:00","5.024","-","5.07"
"2000/02/06","18:00","5.419","-","5.44"
"2000/02/06","19:00","5.341","-","5.34"
"2000/02/06","20:00","4.75","-","4.63"
"2000/02/06","21:00","3.729","-","3.64"
"2000/02/06","22:00","2.46","-","2.45"
"2000/02/06","23:00","1.189","-","1.13"
"2000/02/07","00:00","0.168","-","0.17"
"2000/02/07","01:00","-0.395","-","-0.43"
"2000/02/07","02:00","-0.393","-","-0.36"
"2000/02/07","03:00","0.151","-","0.09"
"2000/02/07","04:00","1.086","-","1.02"
"2000/02/07","05:00","2.175","-","2.18"
"2000/02/07","06:00","3.16","-","3"
"2000/02/07","07:00","3.832","-","3.71"
"2000/02/07","08:00","4.084","-","3.98"
"2000/02/07","09:00","3.924","-","3.75"
"2000/02/07","10:00","3.467","-","3.4"
"2000/02/07","11:00","2.895","-","2.85"
"2000/02/07","12:00","2.414","-","2.34"
"2000/02/07","13:00","2.2","-","2.17"
"2000/02/07","14:00","2.352","-","2.29"
"2000/02/07","15:00","2.862","-","2.82"
"2000/02/07","16:00","3.612","-","3.58"
"2000/02/07","17:00","4.4","-","4.36"
"2000/02/07","18:00","4.999","-","4.95"
"2000/02/07","19:00","5.218","-","5.14"
"2000/02/07","20:00","4.957","-","4.81"
"2000/02/07","21:00","4.227","-","4.19"
"2000/02/07","22:00","3.151","-","3.09"
"2000/02/07","23:00","1.931","-","1.81"
"2000/02/08","00:00","0.812","-","0.67"
"2000/02/08","01:00","0.026","-","-0.08"
"2000/02/08","02:00","-0.261","-","-0.38"
"2000/02/08","03:00","0.004","-","-0.06"
"2000/02/08","04:00","0.741","-","0.68"
"2000/02/08","05:00","1.761","-","1.72"
"2000/02/08","06:00","2.813","-","2.67"
"2000/02/08","07:00","3.66","-","3.52"
"2000/02/08","08:00","4.134","-","4.02"
"2000/02/08","09:00","4.178","-","4.07"
"2000/02/08","10:00","3.845","-","3.79"
"2000/02/08","11:00","3.279","-","3.19"
"2000/02/08","12:00","2.672","-","2.59"
"2000/02/08","13:00","2.225","-","2.19"
"2000/02/08","14:00","2.088","-","1.97"
"2000/02/08","15:00","2.324","-","2.29"
"2000/02/08","16:00","2.884","-","2.82"
"2000/02/08","17:00","3.619","-","3.47"
"2000/02/08","18:00","4.319","-","4.24"
"2000/02/08","19:00","4.778","-","4.68"
"2000/02/08","20:00","4.845","-","4.81"
"2000/02/08","21:00","4.464","-","4.5"
"2000/02/08","22:00","3.684","-","3.58"
"2000/02/08","23:00","2.648","-","2.56"
"2000/02/09","00:00","1.563","-","1.49"
"2000/02/09","01:00","0.66","-","0.61"
"2000/02/09","02:00","0.136","-","0.07"
"2000/02/09","03:00","0.11","-","0.05"
"2000/02/09","04:00","0.584","-","0.51"
"2000/02/09","05:00","1.435","-","1.32"
"2000/02/09","06:00","2.457","-","2.32"
"2000/02/09","07:00","3.408","-","3.38"
"2000/02/09","08:00","4.083","-","4.05"
"2000/02/09","09:00","4.36","-","4.26"
"2000/02/09","10:00","4.22","-","4.09"
"2000/02/09","11:00","3.748","-","3.63"
"2000/02/09","12:00","3.102","-","3.06"
"2000/02/09","13:00","2.477","-","2.56"
"2000/02/09","14:00","2.057","-","2.04"
"2000/02/09","15:00","1.966","-","2.05"
"2000/02/09","16:00","2.231","-","2.25"
"2000/02/09","17:00","2.777","-","2.82"
"2000/02/09","18:00","3.445","-","3.5"
"2000/02/09","19:00","4.039","-","3.94"
"2000/02/09","20:00","4.382","-","4.48"
"2000/02/09","21:00","4.36","-","4.44"
"2000/02/09","22:00","3.948","-","3.98"
"2000/02/09","23:00","3.213","-","3.3"
"2000/02/10","00:00","2.304","-","2.4"
"2000/02/10","01:00","1.417","-","1.49"
"2000/02/10","02:00","0.755","-","0.81"
"2000/02/10","03:00","0.479","-","0.63"
"2000/02/10","04:00","0.662","-","0.77"
"2000/02/10","05:00","1.265","-","1.39"
"2000/02/10","06:00","2.148","-","2.27"
"2000/02/10","07:00","3.107","-","3.2"
"2000/02/10","08:00","3.925","-","4.04"
"2000/02/10","09:00","4.43","-","4.58"
"2000/02/10","10:00","4.535","-","4.77"
"2000/02/10","11:00","4.247","-","4.49"
"2000/02/10","12:00","3.667","-","3.83"
"2000/02/10","13:00","2.958","-","3.22"
"2000/02/10","14:00","2.309","-","2.59"
"2000/02/10","15:00","1.884","-","2.32"
"2000/02/10","16:00","1.784","-","2.15"
"2000/02/10","17:00","2.015","-","2.37"
"2000/02/10","18:00","2.495","-","2.84"
"2000/02/10","19:00","3.076","-","3.42"
"2000/02/10","20:00","3.585","-","4.03"
"2000/02/10","21:00","3.873","-","4.26"
"2000/02/10","22:00","3.849","-","4.13"
"2000/02/10","23:00","3.499","-","3.81"
"2000/02/11","00:00","2.894","-","3.16"
"2000/02/11","01:00","2.17","-","2.52"
"2000/02/11","02:00","1.504","-","1.75"
"2000/02/11","03:00","1.067","-","1.25"
"2000/02/11","04:00","0.984","-","1.18"
"2000/02/11","05:00","1.295","-","1.49"
"2000/02/11","06:00","1.946","-","2.15"
"2000/02/11","07:00","2.798","-","2.92"
"2000/02/11","08:00","3.665","-","3.76"
"2000/02/11","09:00","4.355","-","4.5"
"2000/02/11","10:00","4.722","-","4.85"
"2000/02/11","11:00","4.695","-","4.92"
"2000/02/11","12:00","4.296","-","4.55"
"2000/02/11","13:00","3.629","-","3.78"
"2000/02/11","14:00","2.856","-","2.99"
"2000/02/11","15:00","2.153","-","2.29"
"2000/02/11","16:00","1.672","-","1.81"
"2000/02/11","17:00","1.501","-","1.64"
"2000/02/11","18:00","1.646","-","1.78"
"2000/02/11","19:00","2.037","-","2.14"
"2000/02/11","20:00","2.548","-","2.68"
"2000/02/11","21:00","3.027","-","3.25"
"2000/02/11","22:00","3.342","-","3.59"
"2000/02/11","23:00","3.403","-","3.6"
"2000/02/12","00:00","3.193","-","3.33"
"2000/02/12","01:00","2.769","-","3.09"
"2000/02/12","02:00","2.248","-","2.62"
"2000/02/12","03:00","1.78","-","2.08"
"2000/02/12","04:00","1.51","-","1.83"
"2000/02/12","05:00","1.538","-","1.88"
"2000/02/12","06:00","1.896","-","2.14"
"2000/02/12","07:00","2.534","-","2.8"
"2000/02/12","08:00","3.328","-","3.56"
"2000/02/12","09:00","4.112","-","4.3"
"2000/02/12","10:00","4.71","-","4.94"
"2000/02/12","11:00","4.987","-","5.19"
"2000/02/12","12:00","4.874","-","5.28"
"2000/02/12","13:00","4.394","-","4.6"
"2000/02/12","14:00","3.646","-","3.92"
"2000/02/12","15:00","2.786","-","3"
"2000/02/12","16:00","1.985","-","2.18"
"2000/02/12","17:00","1.39","-","1.8"
"2000/02/12","18:00","1.097","-","1.5"
"2000/02/12","19:00","1.132","-","1.46"
"2000/02/12","20:00","1.448","-","1.61"
"2000/02/12","21:00","1.939","-","2.23"
"2000/02/12","22:00","2.464","-","2.88"
"2000/02/12","23:00","2.884","-","3.11"
"2000/02/13","00:00","3.1","-","3.18"
"2000/02/13","01:00","3.073","-","3.17"
"2000/02/13","02:00","2.839","-","3.12"
"2000/02/13","03:00","2.49","-","2.62"
"2000/02/13","04:00","2.157","-","2.3"
"2000/02/13","05:00","1.969","-","2.04"
"2000/02/13","06:00","2.026","-","1.9"
"2000/02/13","07:00","2.369","-","2.47"
"2000/02/13","08:00","2.967","-","2.96"
"2000/02/13","09:00","3.715","-","3.93"
"2000/02/13","10:00","4.455","-","4.55"
"2000/02/13","11:00","5.016","-","5.18"
"2000/02/13","12:00","5.253","-","5.44"
"2000/02/13","13:00","5.093","-","5.29"
"2000/02/13","14:00","4.546","-","4.92"
"2000/02/13","15:00","3.705","-","4.14"
"2000/02/13","16:00","2.723","-","3.14"
"2000/02/13","17:00","1.774","-","2.33"
"2000/02/13","18:00","1.022","-","1.57"
"2000/02/13","19:00","0.588","-","1.14"
"2000/02/13","20:00","0.527","-","0.97"
"2000/02/13","21:00","0.814","-","1.19"
"2000/02/13","22:00","1.352","-","1.79"
"2000/02/13","23:00","1.993","-","2.48"
"2000/02/14","00:00","2.579","-","3.04"
"2000/02/14","01:00","2.983","-","3.45"
"2000/02/14","02:00","3.138","-","3.47"
"2000/02/14","03:00","3.056","-","3.28"
"2000/02/14","04:00","2.81","-","3.06"
"2000/02/14","05:00","2.525","-","2.67"
"2000/02/14","06:00","2.335","-","2.58"
"2000/02/14","07:00","2.357","-","2.38"
"2000/02/14","08:00","2.658","-","2.82"
"2000/02/14","09:00","3.226","-","3.44"
"2000/02/14","10:00","3.966","-","4.14"
"2000/02/14","11:00","4.718","-","4.86"
"2000/02/14","12:00","5.295","-","5.52"
"2000/02/14","13:00","5.536","-","5.77"
"2000/02/14","14:00","5.348","-","5.79"
"2000/02/14","15:00","4.73","-","5.11"
"2000/02/14","16:00","3.77","-","4.03"
"2000/02/14","17:00","2.628","-","3"
"2000/02/14","18:00","1.5","-","1.86"
"2000/02/14","19:00","0.58","-","0.61"
"2000/02/14","20:00","0.024","-","0.22"
"2000/02/14","21:00","-0.086","-","-0.06"
"2000/02/14","22:00","0.238","-","0.13"
"2000/02/14","23:00","0.889","-","0.85"
"2000/02/15","00:00","1.698","-","1.76"
"2000/02/15","01:00","2.474","-","2.48"
"2000/02/15","02:00","3.056","-","3"
"2000/02/15","03:00","3.35","-","3.29"
"2000/02/15","04:00","3.344","-","3.16"
"2000/02/15","05:00","3.112","-","2.92"
"2000/02/15","06:00","2.787","-","2.67"
"2000/02/15","07:00","2.531","-","2.32"
"2000/02/15","08:00","2.491","-","2.14"
"2000/02/15","09:00","2.758","-","2.42"
"2000/02/15","10:00","3.332","-","2.92"
"2000/02/15","11:00","4.114","-","4.01"
"2000/02/15","12:00","4.927","-","4.82"
"2000/02/15","13:00","5.559","-","5.39"
"2000/02/15","14:00","5.823","-","5.59"
"2000/02/15","15:00","5.605","-","5.43"
"2000/02/15","16:00","4.895","-","4.85"
"2000/02/15","17:00","3.788","-","3.71"
"2000/02/15","18:00","2.466","-","2.31"
"2000/02/15","19:00","1.159","-","1.26"
"2000/02/15","20:00","0.1","-","0.07"
"2000/02/15","21:00","-0.522","-","-0.55"
"2000/02/15","22:00","-0.612","-","-0.64"
"2000/02/15","23:00","-0.185","-","-0.14"
"2000/02/16","00:00","0.63","-","0.55"
"2000/02/16","01:00","1.628","-","1.77"
"2000/02/16","02:00","2.58","-","2.54"
"2000/02/16","03:00","3.29","-","3.44"
"2000/02/16","04:00","3.641","-","3.78"
"2000/02/16","05:00","3.62","-","3.53"
"2000/02/16","06:00","3.314","-","3.34"
"2000/02/16","07:00","2.888","-","2.94"
"2000/02/16","08:00","2.537","-","2.5"
"2000/02/16","09:00","2.44","-","2.29"
"2000/02/16","10:00","2.704","-","2.63"
"2000/02/16","11:00","3.328","-","3.35"
"2000/02/16","12:00","4.196","-","4.36"
"2000/02/16","13:00","5.101","-","5.21"
"2000/02/16","14:00","5.8","-","5.83"
"2000/02/16","15:00","6.078","-","6.22"
"2000/02/16","16:00","5.807","-","6.01"
"2000/02/16","17:00","4.978","-","5.01"
"2000/02/16","18:00","3.71","-","3.76"
"2000/02/16","19:00","2.217","-","2.31"
"2000/02/16","20:00","0.772","-","0.91"
"2000/02/16","21:00","-0.359","-","-0.26"
"2000/02/16","22:00","-0.97","-","-0.78"
"2000/02/16","23:00","-0.964","-","-0.92"
"2000/02/17","00:00","-0.38","-","-0.36"
"2000/02/17","01:00","0.621","-","0.67"
"2000/02/17","02:00","1.793","-","1.92"
"2000/02/17","03:00","2.868","-","2.99"
"2000/02/17","04:00","3.624","-","3.72"
"2000/02/17","05:00","3.939","-","4.02"
"2000/02/17","06:00","3.816","-","3.82"
"2000/02/17","07:00","3.375","-","3.36"
"2000/02/17","08:00","2.819","-","2.89"
"2000/02/17","09:00","2.38","-","2.37"
"2000/02/17","10:00","2.256","-","2.14"
"2000/02/17","11:00","2.558","-","2.5"
"2000/02/17","12:00","3.268","-","3.26"
"2000/02/17","13:00","4.242","-","4.2"
"2000/02/17","14:00","5.239","-","5.24"
"2000/02/17","15:00","5.985","-","5.96"
"2000/02/17","16:00","6.243","-","6.21"
"2000/02/17","17:00","5.885","-","5.93"
"2000/02/17","18:00","4.921","-","4.89"
"2000/02/17","19:00","3.504","-","3.45"
"2000/02/17","20:00","1.889","-","1.81"
"2000/02/17","21:00","0.382","-","0.28"
"2000/02/17","22:00","-0.731","-","-0.81"
"2000/02/17","23:00","-1.245","-","-1.2"
"2000/02/18","00:00","-1.08","-","-1.13"
"2000/02/18","01:00","-0.307","-","-0.36"
"2000/02/18","02:00","0.869","-","0.79"
"2000/02/18","03:00","2.164","-","2.08"
"2000/02/18","04:00","3.279","-","3.19"
"2000/02/18","05:00","3.987","-","3.89"
"2000/02/18","06:00","4.179","-","3.98"
"2000/02/18","07:00","3.894","-","3.71"
"2000/02/18","08:00","3.293","-","3.05"
"2000/02/18","09:00","2.617","-","2.42"
"2000/02/18","10:00","2.121","-","1.98"
"2000/02/18","11:00","2.01","-","1.82"
"2000/02/18","12:00","2.382","-","2.22"
"2000/02/18","13:00","3.193","-","3.09"
"2000/02/18","14:00","4.265","-","4.27"
"2000/02/18","15:00","5.322","-","5.3"
"2000/02/18","16:00","6.066","-","6.04"
"2000/02/18","17:00","6.258","-","6.25"
"2000/02/18","18:00","5.785","-","5.76"
"2000/02/18","19:00","4.694","-","4.71"
"2000/02/18","20:00","3.176","-","3.14"
"2000/02/18","21:00","1.52","-","1.52"
"2000/02/18","22:00","0.048","-","-0.08"
"2000/02/18","23:00","-0.952","-","-1.15"
"2000/02/19","00:00","-1.292","-","-1.39"
"2000/02/19","01:00","-0.926","-","-1.08"
"2000/02/19","02:00","0.032","-","0.05"
"2000/02/19","03:00","1.339","-","1.28"
"2000/02/19","04:00","2.676","-","2.62"
"2000/02/19","05:00","3.738","-","3.7"
"2000/02/19","06:00","4.309","-","4.28"
"2000/02/19","07:00","4.32","-","4.32"
"2000/02/19","08:00","3.85","-","3.82"
"2000/02/19","09:00","3.101","-","3.02"
"2000/02/19","10:00","2.341","-","2.31"
"2000/02/19","11:00","1.832","-","1.74"
"2000/02/19","12:00","1.769","-","1.82"
"2000/02/19","13:00","2.227","-","2.22"
"2000/02/19","14:00","3.128","-","3.17"
"2000/02/19","15:00","4.258","-","4.34"
"2000/02/19","16:00","5.315","-","5.39"
"2000/02/19","17:00","5.996","-","6.19"
"2000/02/19","18:00","6.079","-","6.24"
"2000/02/19","19:00","5.488","-","5.64"
"2000/02/19","20:00","4.309","-","4.4"
"2000/02/19","21:00","2.768","-","2.88"
"2000/02/19","22:00","1.169","-","1.31"
"2000/02/19","23:00","-0.166","-","-0.1"
"2000/02/20","00:00","-0.968","-","-0.95"
"2000/02/20","01:00","-1.084","-","-1.04"
"2000/02/20","02:00","-0.509","-","-0.49"
"2000/02/20","03:00","0.598","-","0.76"
"2000/02/20","04:00","1.96","-","2.17"
"2000/02/20","05:00","3.246","-","3.48"
"2000/02/20","06:00","4.165","-","4.38"
"2000/02/20","07:00","4.54","-","4.77"
"2000/02/20","08:00","4.346","-","4.69"
"2000/02/20","09:00","3.706","-","4.06"
"2000/02/20","10:00","2.849","-","3.13"
"2000/02/20","11:00","2.053","-","2.4"
"2000/02/20","12:00","1.574","-","1.93"
"2000/02/20","13:00","1.582","-","2.01"
"2000/02/20","14:00","2.119","-","2.63"
"2000/02/20","15:00","3.071","-","3.64"
"2000/02/20","16:00","4.194","-","4.77"
"2000/02/20","17:00","5.181","-","5.78"
"2000/02/20","18:00","5.745","-","6.37"
"2000/02/20","19:00","5.702","-","6.43"
"2000/02/20","20:00","5.02","-","5.74"
"2000/02/20","21:00","3.822","-","4.54"
"2000/02/20","22:00","2.349","-","3.07"
"2000/02/20","23:00","0.907","-","1.58"
"2000/02/21","00:00","-0.204","-","0.48"
"2000/02/21","01:00","-0.752","-","-0.1"
"2000/02/21","02:00","-0.627","-","0.01"
"2000/02/21","03:00","0.125","-","0.68"
"2000/02/21","04:00","1.311","-","1.79"
"2000/02/21","05:00","2.635","-","3.19"
"2000/02/21","06:00","3.781","-","4.43"
"2000/02/21","07:00","4.495","-","5.16"
"2000/02/21","08:00","4.65","-","5.31"
"2000/02/21","09:00","4.266","-","4.92"
"2000/02/21","10:00","3.498","-","4.1"
"2000/02/21","11:00","2.588","-","3.19"
"2000/02/21","12:00","1.806","-","2.43"
"2000/02/21","13:00","1.387","-","2.03"
"2000/02/21","14:00","1.47","-","2.04"
"2000/02/21","15:00","2.054","-","2.7"
"2000/02/21","16:00","2.996","-","3.61"
"2000/02/21","17:00","4.042","-","4.66"
"2000/02/21","18:00","4.899","-","5.55"
"2000/02/21","19:00","5.319","-","5.91"
"2000/02/21","20:00","5.166","-","5.88"
"2000/02/21","21:00","4.45","-","4.98"
"2000/02/21","22:00","3.315","-","3.86"
"2000/02/21","23:00","2.004","-","2.45"
"2000/02/22","00:00","0.8","-","1.14"
"2000/02/22","01:00","-0.032","-","0.25"
"2000/02/22","02:00","-0.308","-","-0.05"
"2000/02/22","03:00","0.03","-","0.35"
"2000/02/22","04:00","0.894","-","1.2"
"2000/02/22","05:00","2.067","-","2.4"
"2000/02/22","06:00","3.265","-","3.49"
"2000/02/22","07:00","4.208","-","4.43"
"2000/02/22","08:00","4.692","-","4.85"
"2000/02/22","09:00","4.64","-","4.68"
"2000/02/22","10:00","4.109","-","4.32"
"2000/02/22","11:00","3.269","-","3.33"
"2000/02/22","12:00","2.359","-","2.39"
"2000/02/22","13:00","1.631","-","1.66"
"2000/02/22","14:00","1.285","-","1.28"
"2000/02/22","15:00","1.42","-","1.54"
"2000/02/22","16:00","2.002","-","2.15"
"2000/02/22","17:00","2.87","-","2.82"
"2000/02/22","18:00","3.78","-","3.9"
"2000/02/22","19:00","4.478","-","4.54"
"2000/02/22","20:00","4.764","-","4.88"
"2000/02/22","21:00","4.551","-","4.65"
"2000/02/22","22:00","3.873","-","3.98"
"2000/02/22","23:00","2.883","-","2.93"
"2000/02/23","00:00","1.804","-","1.89"
"2000/02/23","01:00","0.887","-","0.95"
"2000/02/23","02:00","0.347","-","0.5"
"2000/02/23","03:00","0.316","-","0.38"
"2000/02/23","04:00","0.801","-","0.99"
"2000/02/23","05:00","1.687","-","1.95"
"2000/02/23","06:00","2.762","-","3.09"
"2000/02/23","07:00","3.771","-","4.12"
"2000/02/23","08:00","4.484","-","4.96"
"2000/02/23","09:00","4.752","-","5.16"
"2000/02/23","10:00","4.536","-","4.84"
"2000/02/23","11:00","3.914","-","4.17"
"2000/02/23","12:00","3.058","-","3.33"
"2000/02/23","13:00","2.191","-","2.54"
"2000/02/23","14:00","1.535","-","1.76"
"2000/02/23","15:00","1.25","-","1.41"
"2000/02/23","16:00","1.397","-","1.69"
"2000/02/23","17:00","1.921","-","2.16"
"2000/02/23","18:00","2.663","-","2.95"
"2000/02/23","19:00","3.413","-","3.7"
"2000/02/23","20:00","3.962","-","4.2"
"2000/02/23","21:00","4.16","-","4.47"
"2000/02/23","22:00","3.952","-","4.13"
"2000/02/23","23:00","3.386","-","3.53"
"2000/02/24","00:00","2.6","-","2.81"
"2000/02/24","01:00","1.792","-","1.9"
"2000/02/24","02:00","1.167","-","1.31"
"2000/02/24","03:00","0.886","-","1.05"
"2000/02/24","04:00","1.03","-","1.25"
"2000/02/24","05:00","1.575","-","1.77"
"2000/02/24","06:00","2.399","-","2.54"
"2000/02/24","07:00","3.313","-","3.6"
"2000/02/24","08:00","4.11","-","4.46"
"2000/02/24","09:00","4.61","-","4.85"
"2000/02/24","10:00","4.705","-","4.83"
"2000/02/24","11:00","4.382","-","4.53"
"2000/02/24","12:00","3.725","-","3.82"
"2000/02/24","13:00","2.895","-","3.01"
"2000/02/24","14:00","2.091","-","2.36"
"2000/02/24","15:00","1.498","-","1.52"
"2000/02/24","16:00","1.24","-","1.4"
"2000/02/24","17:00","1.352","-","1.67"
"2000/02/24","18:00","1.774","-","1.92"
"2000/02/24","19:00","2.372","-","2.54"
"2000/02/24","20:00","2.976","-","3.15"
"2000/02/24","21:00","3.423","-","3.71"
"2000/02/24","22:00","3.599","-","3.78"
"2000/02/24","23:00","3.462","-","3.54"
"2000/02/25","00:00","3.059","-","3.05"
"2000/02/25","01:00","2.508","-","2.69"
"2000/02/25","02:00","1.965","-","2.08"
"2000/02/25","03:00","1.589","-","1.64"
"2000/02/25","04:00","1.495","-","1.64"
"2000/02/25","05:00","1.725","-","1.85"
"2000/02/25","06:00","2.246","-","2.39"
"2000/02/25","07:00","2.949","-","3.1"
"2000/02/25","08:00","3.686","-","3.85"
"2000/02/25","09:00","4.291","-","4.48"
"2000/02/25","10:00","4.624","-","4.73"
"2000/02/25","11:00","4.605","-","4.73"
"2000/02/25","12:00","4.229","-","4.34"
"2000/02/25","13:00","3.577","-","3.79"
"2000/02/25","14:00","2.791","-","2.82"
"2000/02/25","15:00","2.041","-","1.95"
"2000/02/25","16:00","1.478","-","1.42"
"2000/02/25","17:00","1.202","-","1.22"
"2000/02/25","18:00","1.241","-","1.25"
"2000/02/25","19:00","1.548","-","1.55"
"2000/02/25","20:00","2.023","-","2"
"2000/02/25","21:00","2.532","-","2.5"
"2000/02/25","22:00","2.944","-","2.87"
"2000/02/25","23:00","3.162","-","3.19"
"2000/02/26","00:00","3.146","-","3.07"
"2000/02/26","01:00","2.927","-","2.78"
"2000/02/26","02:00","2.595","-","2.46"
"2000/02/26","03:00","2.268","-","2.08"
"2000/02/26","04:00","2.063","-","1.93"
"2000/02/26","05:00","2.063","-","1.92"
"2000/02/26","06:00","2.297","-","2.04"
"2000/02/26","07:00","2.739","-","2.58"
"2000/02/26","08:00","3.309","-","3.04"
"2000/02/26","09:00","3.893","-","3.8"
"2000/02/26","10:00","4.358","-","4.37"
"2000/02/26","11:00","4.588","-","4.57"
"2000/02/26","12:00","4.51","-","4.44"
"2000/02/26","13:00","4.121","-","4.01"
"2000/02/26","14:00","3.488","-","3.4"
"2000/02/26","15:00","2.732","-","2.71"
"2000/02/26","16:00","2","-","1.95"
"2000/02/26","17:00","1.422","-","1.37"
"2000/02/26","18:00","1.091","-","1"
"2000/02/26","19:00","1.045","-","0.93"
"2000/02/26","20:00","1.262","-","1.32"
"2000/02/26","21:00","1.668","-","1.71"
"2000/02/26","22:00","2.152","-","2.23"
"2000/02/26","23:00","2.597","-","2.61"
"2000/02/27","00:00","2.904","-","3.09"
"2000/02/27","01:00","3.026","-","3.11"
"2000/02/27","02:00","2.973","-","3.07"
"2000/02/27","03:00","2.804","-","2.93"
"2000/02/27","04:00","2.611","-","2.63"
"2000/02/27","05:00","2.484","-","2.62"
"2000/02/27","06:00","2.495","-","2.58"
"2000/02/27","07:00","2.68","-","2.8"
"2000/02/27","08:00","3.033","-","3.31"
"2000/02/27","09:00","3.501","-","3.75"
"2000/02/27","10:00","3.99","-","4.35"
"2000/02/27","11:00","4.383","-","4.7"
"2000/02/27","12:00","4.567","-","4.87"
"2000/02/27","13:00","4.469","-","5.04"
"2000/02/27","14:00","4.076","-","4.35"
"2000/02/27","15:00","3.444","-","3.83"
"2000/02/27","16:00","2.679","-","2.93"
"2000/02/27","17:00","1.915","-","2.27"
"2000/02/27","18:00","1.283","-","1.67"
"2000/02/27","19:00","0.886","-","1.21"
"2000/02/27","20:00","0.78","-","1.05"
"2000/02/27","21:00","0.963","-","1.39"
"2000/02/27","22:00","1.372","-","1.77"
"2000/02/27","23:00","1.902","-","2.35"
"2000/02/28","00:00","2.428","-","2.82"
"2000/02/28","01:00","2.843","-","3.01"
"2000/02/28","02:00","3.083","-","3.09"
"2000/02/28","03:00","3.137","-","3.13"
"2000/02/28","04:00","3.049","-","3.16"
"2000/02/28","05:00","2.894","-","2.86"
"2000/02/28","06:00","2.762","-","2.68"
"2000/02/28","07:00","2.734","-","2.87"
"2000/02/28","08:00","2.863","-","3.02"
"2000/02/28","09:00","3.162","-","3.05"
"2000/02/28","10:00","3.588","-","3.48"
"2000/02/28","11:00","4.052","-","3.97"
"2000/02/28","12:00","4.431","-","4.31"
"2000/02/28","13:00","4.607","-","4.42"
"2000/02/28","14:00","4.496","-","4.39"
"2000/02/28","15:00","4.078","-","4.03"
"2000/02/28","16:00","3.402","-","3.29"
"2000/02/28","17:00","2.574","-","2.37"
"2000/02/28","18:00","1.737","-","1.68"
"2000/02/28","19:00","1.037","-","1.13"
"2000/02/28","20:00","0.598","-","0.54"
"2000/02/28","21:00","0.49","-","0.48"
"2000/02/28","22:00","0.712","-","0.78"
"2000/02/28","23:00","1.198","-","1.13"
"2000/02/29","00:00","1.825","-","1.68"
"2000/02/29","01:00","2.454","-","2.53"
"2000/02/29","02:00","2.958","-","2.96"
"2000/02/29","03:00","3.259","-","3.13"
"2000/02/29","04:00","3.338","-","2.99"
"2000/02/29","05:00","3.237","-","2.99"
"2000/02/29","06:00","3.04","-","2.82"
"2000/02/29","07:00","2.853","-","2.6"
"2000/02/29","08:00","2.78","-","2.48"
"2000/02/29","09:00","2.888","-","2.68"
"2000/02/29","10:00","3.194","-","3.14"
"2000/02/29","11:00","3.649","-","3.63"
"2000/02/29","12:00","4.146","-","4.13"
"2000/02/29","13:00","4.547","-","4.53"
"2000/02/29","14:00","4.719","-","4.67"
"2000/02/29","15:00","4.569","-","4.54"
"2000/02/29","16:00","4.078","-","4.03"
"2000/02/29","17:00","3.301","-","3.32"
"2000/02/29","18:00","2.366","-","2.38"
"2000/02/29","19:00","1.441","-","1.35"
"2000/02/29","20:00","0.698","-","0.67"
"2000/02/29","21:00","0.273","-","0.26"
"2000/02/29","22:00","0.237","-","0.26"
"2000/02/29","23:00","0.575","-","0.54"
"2000/03/01","00:00","1.192","-","1.26"
"2000/03/01","01:00","1.94","-","1.98"
"2000/03/01","02:00","2.655","-","2.67"
"2000/03/01","03:00","3.194","-","3.2"
"2000/03/01","04:00","3.476","-","3.5"
"2000/03/01","05:00","3.49","-","3.4"
"2000/03/01","06:00","3.298","-","3.09"
"2000/03/01","07:00","3.012","-","2.81"
"2000/03/01","08:00","2.766","-","2.59"
"2000/03/01","09:00","2.682","-","2.53"
"2000/03/01","10:00","2.829","-","2.75"
"2000/03/01","11:00","3.209","-","3.08"
"2000/03/01","12:00","3.749","-","3.67"
"2000/03/01","13:00","4.312","-","4.09"
"2000/03/01","14:00","4.736","-","4.56"
"2000/03/01","15:00","4.873","-","4.69"
"2000/03/01","16:00","4.632","-","4.31"
"2000/03/01","17:00","4.007","-","3.7"
"2000/03/01","18:00","3.085","-","2.91"
"2000/03/01","19:00","2.029","-","1.83"
"2000/03/01","20:00","1.039","-","0.84"
"2000/03/01","21:00","0.31","-","0.16"
"2000/03/01","22:00","-0.023","-","-0.14"
"2000/03/01","23:00","0.09","-","0.02"
"2000/03/02","00:00","0.601","-","0.51"
"2000/03/02","01:00","1.376","-","1.28"
"2000/03/02","02:00","2.233","-","2.11"
"2000/03/02","03:00","2.984","-","2.87"
"2000/03/02","04:00","3.482","-","3.32"
"2000/03/02","05:00","3.658","-","3.47"
"2000/03/02","06:00","3.531","-","3.21"
"2000/03/02","07:00","3.203","-","2.95"
"2000/03/02","08:00","2.824","-","2.53"
"2000/03/02","09:00","2.552","-","2.27"
"2000/03/02","10:00","2.514","-","2.25"
"2000/03/02","11:00","2.764","-","2.45"
"2000/03/02","12:00","3.271","-","3.09"
"2000/03/02","13:00","3.922","-","3.78"
"2000/03/02","14:00","4.548","-","4.38"
"2000/03/02","15:00","4.96","-","4.71"
"2000/03/02","16:00","5.006","-","4.69"
"2000/03/02","17:00","4.613","-","4.42"
"2000/03/02","18:00","3.809","-","3.6"
"2000/03/02","19:00","2.728","-","2.47"
"2000/03/02","20:00","1.576","-","1.39"
"2000/03/02","21:00","0.583","-","0.47"
"2000/03/02","22:00","-0.054","-","-0.1"
"2000/03/02","23:00","-0.215","-","-0.3"
"2000/03/03","00:00","0.109","-","0.07"
"2000/03/03","01:00","0.823","-","0.81"
"2000/03/03","02:00","1.747","-","1.81"
"2000/03/03","03:00","2.664","-","2.59"
"2000/03/03","04:00","3.375","-","3.25"
"2000/03/03","05:00","3.745","-","3.61"
"2000/03/03","06:00","3.742","-","3.62"
"2000/03/03","07:00","3.432","-","3.28"
"2000/03/03","08:00","2.964","-","2.9"
"2000/03/03","09:00","2.523","-","2.38"
"2000/03/03","10:00","2.281","-","2.37"
"2000/03/03","11:00","2.349","-","2.24"
"2000/03/03","12:00","2.75","-","2.63"
"2000/03/03","13:00","3.408","-","3.52"
"2000/03/03","14:00","4.164","-","4.13"
"2000/03/03","15:00","4.813","-","4.8"
"2000/03/03","16:00","5.153","-","5.01"
"2000/03/03","17:00","5.046","-","4.99"
"2000/03/03","18:00","4.453","-","4.34"
"2000/03/03","19:00","3.459","-","3.3"
"2000/03/03","20:00","2.248","-","2.18"
"2000/03/03","21:00","1.064","-","0.97"
"2000/03/03","22:00","0.15","-","-0.06"
"2000/03/03","23:00","-0.31","-","-0.23"
"2000/03/04","00:00","-0.235","-","-0.26"
"2000/03/04","01:00","0.333","-","0.56"
"2000/03/04","02:00","1.243","-","1.21"
"2000/03/04","03:00","2.268","-","2.37"
"2000/03/04","04:00","3.17","-","3.25"
"2000/03/04","05:00","3.754","-","3.77"
"2000/03/04","06:00","3.923","-","3.9"
"2000/03/04","07:00","3.696","-","3.73"
"2000/03/04","08:00","3.198","-","3.35"
"2000/03/04","09:00","2.621","-","2.63"
"2000/03/04","10:00","2.171","-","2.26"
"2000/03/04","11:00","2.015","-","2.01"
"2000/03/04","12:00","2.236","-","2.32"
"2000/03/04","13:00","2.81","-","2.89"
"2000/03/04","14:00","3.609","-","3.67"
"2000/03/04","15:00","4.43","-","4.51"
"2000/03/04","16:00","5.04","-","5.08"
"2000/03/04","17:00","5.243","-","5.32"
"2000/03/04","18:00","4.935","-","5.08"
"2000/03/04","19:00","4.134","-","4.23"
"2000/03/04","20:00","2.982","-","3.06"
"2000/03/04","21:00","1.708","-","1.83"
"2000/03/04","22:00","0.58","-","0.74"
"2000/03/04","23:00","-0.167","-","0.16"
"2000/03/05","00:00","-0.381","-","-0.06"
"2000/03/05","01:00","-0.034","-","0.33"
"2000/03/05","02:00","0.773","-","1.08"
"2000/03/05","03:00","1.831","-","2.13"
"2000/03/05","04:00","2.88","-","3.26"
"2000/03/05","05:00","3.676","-","4.04"
"2000/03/05","06:00","4.055","-","4.46"
"2000/03/05","07:00","3.975","-","4.31"
"2000/03/05","08:00","3.517","-","3.92"
"2000/03/05","09:00","2.86","-","3.31"
"2000/03/05","10:00","2.224","-","2.63"
"2000/03/05","11:00","1.822","-","2.25"
"2000/03/05","12:00","1.797","-","2.29"
"2000/03/05","13:00","2.191","-","2.73"
"2000/03/05","14:00","2.929","-","3.42"
"2000/03/05","15:00","3.828","-","4.44"
"2000/03/05","16:00","4.65","-","5.25"
"2000/03/05","17:00","5.155","-","5.81"
"2000/03/05","18:00","5.176","-","5.85"
"2000/03/05","19:00","4.659","-","5.24"
"2000/03/05","20:00","3.685","-","4.19"
"2000/03/05","21:00","2.446","-","3.04"
"2000/03/05","22:00","1.203","-","1.94"
"2000/03/05","23:00","0.222","-","0.78"
"2000/03/06","00:00","-0.285","-","0.26"
"2000/03/06","01:00","-0.214","-","0.4"
"2000/03/06","02:00","0.403","-","1.01"
"2000/03/06","03:00","1.402","-","2.02"
"2000/03/06","04:00","2.527","-","3"
"2000/03/06","05:00","3.504","-","3.9"
"2000/03/06","06:00","4.111","-","4.53"
"2000/03/06","07:00","4.233","-","4.59"
"2000/03/06","08:00","3.894","-","4.26"
"2000/03/06","09:00","3.231","-","3.62"
"2000/03/06","10:00","2.463","-","2.6"
"2000/03/06","11:00","1.823","-","2.15"
"2000/03/06","12:00","1.512","-","1.78"
"2000/03/06","13:00","1.64","-","2.04"
"2000/03/06","14:00","2.199","-","2.5"
"2000/03/06","15:00","3.059","-","3.38"
"2000/03/06","16:00","3.996","-","4.17"
"2000/03/06","17:00","4.752","-","5"
"2000/03/06","18:00","5.106","-","5.33"
"2000/03/06","19:00","4.937","-","5.18"
"2000/03/06","20:00","4.249","-","4.45"
"2000/03/06","21:00","3.178","-","3.35"
"2000/03/06","22:00","1.948","-","2.07"
"2000/03/06","23:00","0.831","-","1.09"
"2000/03/07","00:00","0.074","-","0.33"
"2000/03/07","01:00","-0.15","-","0.02"
"2000/03/07","02:00","0.205","-","0.53"
"2000/03/07","03:00","1.044","-","1.2"
"2000/03/07","04:00","2.151","-","2.3"
"2000/03/07","05:00","3.246","-","3.34"
"2000/03/07","06:00","4.063","-","4.12"
"2000/03/07","07:00","4.423","-","4.45"
"2000/03/07","08:00","4.275","-","4.33"
"2000/03/07","09:00","3.699","-","3.71"
"2000/03/07","10:00","2.88","-","2.91"
"2000/03/07","11:00","2.055","-","2.13"
"2000/03/07","12:00","1.457","-","1.37"
"2000/03/07","13:00","1.26","-","1.32"
"2000/03/07","14:00","1.533","-","1.62"
"2000/03/07","15:00","2.217","-","2.26"
"2000/03/07","16:00","3.136","-","3.15"
"2000/03/07","17:00","4.042","-","4.07"
"2000/03/07","18:00","4.685","-","4.74"
"2000/03/07","19:00","4.88","-","4.97"
"2000/03/07","20:00","4.558","-","4.61"
"2000/03/07","21:00","3.776","-","3.81"
"2000/03/07","22:00","2.705","-","2.7"
"2000/03/07","23:00","1.584","-","1.6"
"2000/03/08","00:00","0.671","-","0.69"
"2000/03/08","01:00","0.183","-","0.24"
"2000/03/08","02:00","0.241","-","0.37"
"2000/03/08","03:00","0.833","-","0.97"
"2000/03/08","04:00","1.811","-","1.98"
"2000/03/08","05:00","2.926","-","3.09"
"2000/03/08","06:00","3.898","-","4.02"
"2000/03/08","07:00","4.496","-","4.54"
"2000/03/08","08:00","4.594","-","4.68"
"2000/03/08","09:00","4.198","-","4.27"
"2000/03/08","10:00","3.437","-","3.48"
"2000/03/08","11:00","2.518","-","2.57"
"2000/03/08","12:00","1.683","-","1.7"
"2000/03/08","13:00","1.151","-","1.17"
"2000/03/08","14:00","1.062","-","1.12"
"2000/03/08","15:00","1.441","-","1.53"
"2000/03/08","16:00","2.186","-","2.24"
"2000/03/08","17:00","3.096","-","3.15"
"2000/03/08","18:00","3.921","-","3.95"
"2000/03/08","19:00","4.439","-","4.52"
"2000/03/08","20:00","4.509","-","4.54"
"2000/03/08","21:00","4.109","-","4.11"
"2000/03/08","22:00","3.331","-","3.35"
"2000/03/08","23:00","2.357","-","2.38"
"2000/03/09","00:00","1.423","-","1.38"
"2000/03/09","01:00","0.758","-","0.93"
"2000/03/09","02:00","0.539","-","0.66"
"2000/03/09","03:00","0.834","-","0.82"
"2000/03/09","04:00","1.581","-","1.63"
"2000/03/09","05:00","2.596","-","2.65"
"2000/03/09","06:00","3.626","-","3.73"
"2000/03/09","07:00","4.415","-","4.49"
"2000/03/09","08:00","4.778","-","4.79"
"2000/03/09","09:00","4.641","-","4.58"
"2000/03/09","10:00","4.053","-","3.88"
"2000/03/09","11:00","3.167","-","2.99"
"2000/03/09","12:00","2.2","-","2.05"
"2000/03/09","13:00","1.385","-","1.17"
"2000/03/09","14:00","0.916","-","0.72"
"2000/03/09","15:00","0.898","-","0.79"
"2000/03/09","16:00","1.32","-","1.13"
"2000/03/09","17:00","2.057","-","1.83"
"2000/03/09","18:00","2.901","-","2.7"
"2000/03/09","19:00","3.627","-","3.33"
"2000/03/09","20:00","4.048","-","3.7"
"2000/03/09","21:00","4.063","-","3.78"
"2000/03/09","22:00","3.677","-","3.42"
"2000/03/09","23:00","2.995","-","2.78"
"2000/03/10","00:00","2.195","-","1.87"
"2000/03/10","01:00","1.488","-","1.16"
"2000/03/10","02:00","1.071","-","0.71"
"2000/03/10","03:00","1.075","-","0.78"
"2000/03/10","04:00","1.524","-","1.19"
"2000/03/10","05:00","2.324","-","2.06"
"2000/03/10","06:00","3.285","-","3.04"
"2000/03/10","07:00","4.171","-","3.92"
"2000/03/10","08:00","4.766","-","4.45"
"2000/03/10","09:00","4.926","-","4.57"
"2000/03/10","10:00","4.614","-","4.36"
"2000/03/10","11:00","3.902","-","3.55"
"2000/03/10","12:00","2.951","-","2.56"
"2000/03/10","13:00","1.972","-","1.67"
"2000/03/10","14:00","1.18","-","0.84"
"2000/03/10","15:00","0.742","-","0.36"
"2000/03/10","16:00","0.735","-","0.31"
"2000/03/10","17:00","1.129","-","0.8"
"2000/03/10","18:00","1.798","-","1.31"
"2000/03/10","19:00","2.553","-","2.24"
"2000/03/10","20:00","3.2","-","2.86"
"2000/03/10","21:00","3.585","-","3.21"
"2000/03/10","22:00","3.628","-","3.22"
"2000/03/10","23:00","3.344","-","2.96"